Dimensions,Activation,Total Memory Size (MB),NAU Loss @ 25epoch,Baseline Loss @ 25epoch,Loss Diff (NAU-Baseline) @ 25epoch,NAU Loss @ 50epoch,Baseline Loss @ 50epoch,Loss Diff (NAU-Baseline) @ 50epoch,NAU Loss @ 75epoch,Baseline Loss @ 75epoch,Loss Diff (NAU-Baseline) @ 75epoch,NAU Loss @ 100epoch,Baseline Loss @ 100epoch,Loss Diff (NAU-Baseline) @ 100epoch,NAU Loss @ 500epoch,Baseline Loss @ 500epoch,Loss Diff (NAU-Baseline) @ 500epoch,NAU Loss @ 1000epoch,Baseline Loss @ 1000epoch,Loss Diff (NAU-Baseline) @ 1000epoch,NAU Training Time @ 1000epoch (sec),Baseline Training Time @ 1000epoch (sec)
2->512->2->2->1,linear,0.272464,0.11081433296203613,0.13891610503196716,-0.02810177206993103,0.08607472479343414,0.09152831137180328,-0.005453586578369141,0.09002814441919327,0.0838896855711937,0.006138458847999573,0.09196561574935913,0.0838141217827797,0.008151493966579437,0.0969800278544426,0.08344961702823639,0.013530410826206207,0.08207347244024277,0.08455291390419006,-0.002479441463947296,45.60697889328003,25.64020299911499
2->512->4->4->1,linear,0.276648,0.10323455929756165,0.2105809450149536,-0.10734638571739197,0.08934581279754639,0.09841048717498779,-0.009064674377441406,0.0757436528801918,0.08694277703762054,-0.011199124157428741,0.08673793822526932,0.08417913317680359,0.0025588050484657288,0.09037824720144272,0.08458765596151352,0.005790591239929199,0.08455758541822433,0.084323450922966,0.0002341344952583313,48.86741304397583,28.203373193740845
2->512->8->8->1,linear,0.285112,0.13347512483596802,0.24852007627487183,-0.11504495143890381,0.09135229885578156,0.12075918167829514,-0.02940688282251358,0.09515691548585892,0.09119676053524017,0.003960154950618744,0.08742296695709229,0.08436435461044312,0.00305861234664917,0.08983766287565231,0.0841330736875534,0.0057045891880989075,0.09343743324279785,0.08365656435489655,0.009780868887901306,45.70965313911438,25.934162855148315
2->512->16->16->1,linear,0.302424,0.14182119071483612,0.11858297884464264,0.02323821187019348,0.08827061951160431,0.08740459382534027,0.0008660256862640381,0.09047219157218933,0.08451060205698013,0.005961589515209198,0.08850297331809998,0.08420977741479874,0.004293195903301239,0.10288430005311966,0.08411557972431183,0.01876872032880783,0.09418503940105438,0.08417990803718567,0.010005131363868713,50.999228954315186,26.353463172912598
2->512->32->32->1,linear,0.338584,0.16876471042633057,0.11127939075231552,0.057485319674015045,0.09271523356437683,0.08730179071426392,0.005413442850112915,0.10180898755788803,0.08376875519752502,0.018040232360363007,0.09840069711208344,0.08461707830429077,0.013783618807792664,0.11051453649997711,0.08334486931562424,0.027169667184352875,0.1109480932354927,0.08276686072349548,0.028181232511997223,58.38879895210266,28.157832860946655
2->512->64->64->1,linear,0.417048,0.17050182819366455,0.1302112340927124,0.04029059410095215,0.10257155448198318,0.09217898547649384,0.01039256900548935,0.10055534541606903,0.08425892889499664,0.016296416521072388,0.10982079803943634,0.08319738507270813,0.02662341296672821,0.11147525161504745,0.0840412974357605,0.027433954179286957,0.1024148166179657,0.08485280722379684,0.017562009394168854,69.7458119392395,30.895421981811523
2->512->128->128->1,linear,0.598552,0.24339590966701508,0.12218141555786133,0.12121449410915375,0.10072092711925507,0.08964011818170547,0.011080808937549591,0.09537415951490402,0.0847722738981247,0.010601885616779327,0.09949075430631638,0.08347021043300629,0.01602054387331009,0.11248748749494553,0.08389843255281448,0.028589054942131042,0.1118091568350792,0.08372212946414948,0.028087027370929718,101.37557983398438,36.84502696990967
2->512->256->256->1,linear,1.059864,0.21884475648403168,0.11449965834617615,0.10434509813785553,0.10258881747722626,0.08780545741319656,0.014783360064029694,0.08783654123544693,0.08399379253387451,0.003842748701572418,0.0870981365442276,0.08425841480493546,0.0028397217392921448,0.10951665043830872,0.0839814767241478,0.02553517371416092,0.11198332905769348,0.082954540848732,0.029028788208961487,191.86282086372375,57.28169107437134
2->512->512->512->1,linear,2.375704,0.16266806423664093,0.11732770502567291,0.04534035921096802,0.08530960232019424,0.08886085450649261,-0.0035512521862983704,0.09675779938697815,0.08359478414058685,0.013163015246391296,0.09748208522796631,0.08472862839698792,0.012753456830978394,0.10359017550945282,0.08385675400495529,0.019733421504497528,0.09896073490381241,0.08278916776180267,0.016171567142009735,420.0003478527069,86.11418008804321
2->512->1024->1024->1,linear,6.580248,0.17643633484840393,0.12125236541032791,0.05518396943807602,0.09823864698410034,0.08922518789768219,0.009013459086418152,0.09865822643041611,0.08378032594919205,0.01487790048122406,0.10322293639183044,0.08518804609775543,0.018034890294075012,0.1000380888581276,0.08399026095867157,0.016047827899456024,0.09422404319047928,0.08359333127737045,0.010630711913108826,1352.4005818367004,209.16478514671326
2->512->2->2->1,GELU,0.272484,0.17209357023239136,0.27926966547966003,-0.10717609524726868,0.1237444207072258,0.25906312465667725,-0.13531870394945145,0.10095884650945663,0.23617316782474518,-0.13521432131528854,0.09364010393619537,0.23122256994247437,-0.137582466006279,0.07603713124990463,0.22114965319633484,-0.1451125219464302,0.06786317378282547,0.2207956165075302,-0.15293244272470474,47.4278450012207,27.02453875541687
2->512->4->4->1,GELU,0.276684,0.15939265489578247,0.2024572491645813,-0.04306459426879883,0.11181116849184036,0.12118585407733917,-0.00937468558549881,0.09647243469953537,0.09270446747541428,0.0037679672241210938,0.08882079273462296,0.08592081069946289,0.0028999820351600647,0.06297945976257324,0.049858931452035904,0.013120528310537338,0.05790228396654129,0.03298879414796829,0.024913489818572998,48.5854218006134,27.416401147842407
2->512->8->8->1,GELU,0.28518,0.27897706627845764,0.15010876953601837,0.12886829674243927,0.22434082627296448,0.09819050133228302,0.12615032494068146,0.23725712299346924,0.08867809921503067,0.14857902377843857,0.20261134207248688,0.08611958473920822,0.11649175733327866,0.18697631359100342,0.04858771711587906,0.13838859647512436,0.1868816763162613,0.022913943976163864,0.16396773234009743,47.825445890426636,27.163414001464844
2->512->16->16->1,GELU,0.302556,0.33075717091560364,0.22675815224647522,0.10399901866912842,0.24310536682605743,0.15966954827308655,0.08343581855297089,0.18146492540836334,0.11322031170129776,0.06824461370706558,0.16709056496620178,0.09194770455360413,0.07514286041259766,0.10218355059623718,0.04139834642410278,0.0607852041721344,0.09755313396453857,0.019797632470726967,0.07775550149381161,52.5546338558197,27.92290186882019
2->512->32->32->1,GELU,0.338844,0.18665263056755066,0.18009379506111145,0.006558835506439209,0.13879230618476868,0.11609118431806564,0.022701121866703033,0.11938647925853729,0.09173910319805145,0.02764737606048584,0.11809223145246506,0.08556725084781647,0.03252498060464859,0.04342401400208473,0.0550675205886364,-0.011643506586551666,0.030670350417494774,0.019710032269358635,0.010960318148136139,57.733882188797,29.663416147232056
2->512->64->64->1,GELU,0.417564,0.17544662952423096,0.2365323156118393,-0.06108568608760834,0.15138943493366241,0.13152530789375305,0.019864127039909363,0.15192803740501404,0.09198890626430511,0.05993913114070892,0.14718064665794373,0.08489763736724854,0.06228300929069519,0.04751317575573921,0.06605679541826248,-0.01854361966252327,0.026137730106711388,0.025001971051096916,0.0011357590556144714,75.73382186889648,33.71785497665405
2->512->128->128->1,GELU,0.59958,0.17942926287651062,0.2500482499599457,-0.07061898708343506,0.18040433526039124,0.19979426264762878,-0.01938992738723755,0.1467767059803009,0.14718148112297058,-0.00040477514266967773,0.1462692767381668,0.11279193311929703,0.03347734361886978,0.06215423345565796,0.061823491007089615,0.0003307424485683441,0.02920244261622429,0.02491680532693863,0.00428563728928566,104.72989082336426,40.79501390457153
2->512->256->256->1,GELU,1.061916,0.15190130472183228,0.26658135652542114,-0.11468005180358887,0.1252354383468628,0.18234476447105408,-0.057109326124191284,0.13151457905769348,0.12041616439819336,0.011098414659500122,0.11831903457641602,0.09375394135713577,0.024565093219280243,0.049311839044094086,0.07003173232078552,-0.020719893276691437,0.023572877049446106,0.026849115267395973,-0.0032762382179498672,204.1531457901001,55.51811408996582
2->512->512->512->1,GELU,2.379804,0.3012194037437439,0.2513790428638458,0.04984036087989807,0.20276093482971191,0.17772892117500305,0.025032013654708862,0.15960699319839478,0.12625931203365326,0.033347681164741516,0.1394987255334854,0.10024594515562057,0.03925278037786484,0.07999902963638306,0.07508046925067902,0.0049185603857040405,0.053040776401758194,0.028492413461208344,0.02454836294054985,432.5056698322296,92.27029800415039
2->512->1024->1024->1,GELU,6.588444,0.12503118813037872,0.26746153831481934,-0.1424303501844406,0.09870503842830658,0.20534490048885345,-0.10663986206054688,0.09730665385723114,0.15173578262329102,-0.054429128766059875,0.09722986817359924,0.11138759553432465,-0.014157727360725403,0.048614345490932465,0.07322545349597931,-0.024611108005046844,0.01929674670100212,0.02917025424540043,-0.009873507544398308,1427.826425075531,230.09970569610596
2->512->2->2->1,ReLU,0.272484,0.33893710374832153,0.27492237091064453,0.064014732837677,0.340035617351532,0.17501260340213776,0.16502301394939423,0.329164057970047,0.10737698525190353,0.22178707271814346,0.3209660053253174,0.09397321939468384,0.22699278593063354,0.3302612602710724,0.08541223406791687,0.24484902620315552,0.32519158720970154,0.07039762288331985,0.2547939643263817,44.795366048812866,26.479291200637817
2->512->4->4->1,ReLU,0.276684,0.2597944736480713,0.08820795267820358,0.1715865209698677,0.15785619616508484,0.08634615689516068,0.07151003926992416,0.11626129597425461,0.0807432308793068,0.035518065094947815,0.09427667409181595,0.07703645527362823,0.017240218818187714,0.06317247450351715,0.0557107999920845,0.007461674511432648,0.054736942052841187,0.04855526238679886,0.006181679666042328,47.73779916763306,26.62671685218811
2->512->8->8->1,ReLU,0.28518,0.2427569329738617,0.2955648899078369,-0.05280795693397522,0.1767173856496811,0.23032259941101074,-0.05360521376132965,0.1512928158044815,0.15452417731285095,-0.003231361508369446,0.1311282068490982,0.11516207456588745,0.015966132283210754,0.047745365649461746,0.06921863555908203,-0.021473269909620285,0.02368248626589775,0.035953082144260406,-0.012270595878362656,50.216139793395996,27.471709966659546
2->512->16->16->1,ReLU,0.302556,0.20602132380008698,0.27690234780311584,-0.07088102400302887,0.1652248501777649,0.2394273281097412,-0.07420247793197632,0.14165645837783813,0.21329565346240997,-0.07163919508457184,0.1321602761745453,0.1991761028766632,-0.06701582670211792,0.06074382737278938,0.07430912554264069,-0.013565298169851303,0.032862696796655655,0.042678315192461014,-0.009815618395805359,51.62363886833191,27.196671962738037
2->512->32->32->1,ReLU,0.338844,0.2434401661157608,0.13088014721870422,0.11256001889705658,0.18855547904968262,0.1034780964255333,0.08507738262414932,0.18094713985919952,0.09398265182971954,0.08696448802947998,0.1632758378982544,0.08765225857496262,0.07562357932329178,0.06208517402410507,0.05986669287085533,0.0022184811532497406,0.03178691491484642,0.0278057511895895,0.00398116372525692,59.77301502227783,29.28899884223938
2->512->64->64->1,ReLU,0.417564,0.23959028720855713,0.3314942717552185,-0.09190398454666138,0.22534528374671936,0.33390986919403076,-0.1085645854473114,0.19599953293800354,0.32930874824523926,-0.13330921530723572,0.18484506011009216,0.32626280188560486,-0.1414177417755127,0.0805068239569664,0.07196512073278427,0.008541703224182129,0.039022866636514664,0.03312196955084801,0.0059008970856666565,72.29871821403503,32.15860676765442
2->512->128->128->1,ReLU,0.59958,0.22626744210720062,0.1609954535961151,0.06527198851108551,0.19156213104724884,0.11406434327363968,0.07749778777360916,0.19792421162128448,0.09395021200180054,0.10397399961948395,0.16802479326725006,0.08582675457000732,0.08219803869724274,0.07739230245351791,0.06351443380117416,0.01387786865234375,0.034646905958652496,0.026441626250743866,0.00820527970790863,102.35428881645203,38.24714422225952
2->512->256->256->1,ReLU,1.061916,0.20588243007659912,0.2916938066482544,-0.08581137657165527,0.1906939148902893,0.20472276210784912,-0.014028847217559814,0.15410402417182922,0.1430007368326187,0.01110328733921051,0.1606072634458542,0.10946223139762878,0.0511450320482254,0.08719859272241592,0.0681750476360321,0.01902354508638382,0.04048071801662445,0.028769752010703087,0.011710966005921364,198.39142298698425,51.13792276382446
2->512->512->512->1,ReLU,2.379804,0.260739803314209,0.22844471037387848,0.032295092940330505,0.21831169724464417,0.15510903298854828,0.06320266425609589,0.1943773329257965,0.1144973635673523,0.07987996935844421,0.1671929955482483,0.09723847359418869,0.0699545219540596,0.07569543272256851,0.06702551990747452,0.008669912815093994,0.030780456960201263,0.02864270843565464,0.0021377485245466232,432.07819294929504,85.69079899787903
2->512->1024->1024->1,ReLU,6.588444,0.15440571308135986,0.21134060621261597,-0.056934893131256104,0.1377505362033844,0.14970844984054565,-0.011957913637161255,0.11631277948617935,0.11321524530649185,0.0030975341796875,0.10967358946800232,0.0970996767282486,0.012573912739753723,0.06377547979354858,0.07301300019025803,-0.009237520396709442,0.0273123849183321,0.030572272837162018,-0.003259887918829918,1381.1817982196808,212.54765701293945
2->512->2->2->1,Sigmoid,0.272484,0.09242584556341171,0.08480976521968842,0.007616080343723297,0.08079341053962708,0.08563993871212006,-0.004846528172492981,0.08323909342288971,0.08478112518787384,-0.0015420317649841309,0.08823806047439575,0.08487675338983536,0.0033613070845603943,0.08202074468135834,0.08441230654716492,-0.0023915618658065796,0.08393493294715881,0.08237038552761078,0.0015645474195480347,47.38021683692932,26.39669704437256
2->512->4->4->1,Sigmoid,0.276684,0.08484009653329849,0.09377139806747437,-0.008931301534175873,0.08510288596153259,0.09356232732534409,-0.008459441363811493,0.08107859641313553,0.09187616407871246,-0.010797567665576935,0.08499521017074585,0.0923699140548706,-0.007374703884124756,0.08990319073200226,0.09251432120800018,-0.002611130475997925,0.08494950830936432,0.09093417972326279,-0.005984671413898468,46.424383878707886,26.70938515663147
2->512->8->8->1,Sigmoid,0.28518,0.08370178937911987,0.08386703580617905,-0.00016524642705917358,0.08710123598575592,0.08332926034927368,0.0037719756364822388,0.08149762451648712,0.08407948166131973,-0.002581857144832611,0.0854092463850975,0.08206261694431305,0.0033466294407844543,0.08343560993671417,0.08286349475383759,0.0005721151828765869,0.07922690361738205,0.08424997329711914,-0.005023069679737091,47.05103898048401,27.136563777923584
2->512->16->16->1,Sigmoid,0.302556,0.07977791130542755,0.08966127783060074,-0.009883366525173187,0.08855899423360825,0.08952370285987854,-0.0009647086262702942,0.08194082975387573,0.09006194025278091,-0.008121110498905182,0.08031828701496124,0.0887160673737526,-0.008397780358791351,0.08017577230930328,0.08787033706903458,-0.007694564759731293,0.06986414641141891,0.08487708121538162,-0.015012934803962708,52.45160222053528,27.441826105117798
2->512->32->32->1,Sigmoid,0.338844,0.0903237909078598,0.08772709965705872,0.0025966912508010864,0.0839243158698082,0.08686371892690659,-0.0029394030570983887,0.08207444846630096,0.08637334406375885,-0.004298895597457886,0.08308972418308258,0.08726021647453308,-0.0041704922914505005,0.0813140794634819,0.08486916869878769,-0.003555089235305786,0.07009071111679077,0.0829961895942688,-0.012905478477478027,57.82750391960144,29.641438961029053
2->512->64->64->1,Sigmoid,0.417564,0.09628647565841675,0.09100338071584702,0.005283094942569733,0.0983617752790451,0.09002958983182907,0.008332185447216034,0.09209856390953064,0.0910673588514328,0.0010312050580978394,0.082687608897686,0.09003368020057678,-0.007346071302890778,0.07670432329177856,0.08717820793390274,-0.010473884642124176,0.06865915656089783,0.08523419499397278,-0.01657503843307495,73.68500304222107,32.119205951690674
2->512->128->128->1,Sigmoid,0.59958,0.08188162744045258,0.11698419600725174,-0.035102568566799164,0.08403748273849487,0.11552295088768005,-0.03148546814918518,0.08848276734352112,0.115265853703022,-0.026783086359500885,0.07697342336177826,0.11379621922969818,-0.03682279586791992,0.08162687718868256,0.10123829543590546,-0.0196114182472229,0.07070993632078171,0.09652567654848099,-0.02581574022769928,108.88460206985474,38.70902109146118
2->512->256->256->1,Sigmoid,1.061916,0.12837731838226318,0.08336035907268524,0.04501695930957794,0.10709397494792938,0.0843970775604248,0.022696897387504578,0.11364273726940155,0.08272261172533035,0.030920125544071198,0.09840911626815796,0.082583948969841,0.015825167298316956,0.08116665482521057,0.08338495343923569,-0.002218298614025116,0.06591568142175674,0.08324176073074341,-0.017326079308986664,195.62569093704224,53.93148875236511
2->512->512->512->1,Sigmoid,2.379804,0.08033101260662079,0.08614501357078552,-0.005814000964164734,0.08479934185743332,0.08712656050920486,-0.0023272186517715454,0.08488545566797256,0.0854562446475029,-0.0005707889795303345,0.08609016239643097,0.08598290383815765,0.00010725855827331543,0.08455508202314377,0.08327308297157288,0.0012819990515708923,0.07979334145784378,0.08426959812641144,-0.0044762566685676575,427.8910140991211,87.88202595710754
2->512->1024->1024->1,Sigmoid,6.588444,0.08713476359844208,0.08906383067369461,-0.001929067075252533,0.08769326657056808,0.0879618227481842,-0.0002685561776161194,0.09132709354162216,0.08751949667930603,0.0038075968623161316,0.08695735037326813,0.08769715577363968,-0.0007398054003715515,0.08596409857273102,0.0840500220656395,0.0019140765070915222,0.08169961720705032,0.08273372054100037,-0.0010341033339500427,1373.041626214981,217.57747101783752
2->512->2->2->1,ELU,0.272484,0.11121666431427002,0.09524456411600113,0.01597210019826889,0.08964076638221741,0.08470942825078964,0.004931338131427765,0.08528852462768555,0.08581618219614029,-0.0005276575684547424,0.08575385808944702,0.08425082266330719,0.0015030354261398315,0.0794740617275238,0.07559262961149216,0.0038814321160316467,0.060143571346998215,0.06077636033296585,-0.0006327889859676361,47.14521384239197,26.805468797683716
2->512->4->4->1,ELU,0.276684,0.18688037991523743,0.2716507017612457,-0.0847703218460083,0.13202521204948425,0.24220049381256104,-0.11017528176307678,0.11227527260780334,0.2262464165687561,-0.11397114396095276,0.10008416324853897,0.2102937400341034,-0.11020957678556442,0.06254792213439941,0.17462188005447388,-0.11207395792007446,0.054006874561309814,0.16072559356689453,-0.10671871900558472,47.92598819732666,27.268399000167847
2->512->8->8->1,ELU,0.28518,0.11134353280067444,0.0885343998670578,0.022809132933616638,0.08950109034776688,0.08604505658149719,0.003456033766269684,0.08846034109592438,0.08320401608943939,0.005256325006484985,0.097918801009655,0.08337736874818802,0.01454143226146698,0.03349171206355095,0.057728368788957596,-0.024236656725406647,0.021985657513141632,0.02916128560900688,-0.00717562809586525,48.72779417037964,27.268370866775513
2->512->16->16->1,ELU,0.302556,0.1492907851934433,0.10173654556274414,0.04755423963069916,0.12439919263124466,0.08585506677627563,0.038544125854969025,0.12050572782754898,0.08505171537399292,0.03545401245355606,0.1252463161945343,0.0838276594877243,0.04141865670681,0.05831369385123253,0.05909504368901253,-0.0007813498377799988,0.028170371428132057,0.023983698338270187,0.00418667308986187,52.89846229553223,28.22238826751709
2->512->32->32->1,ELU,0.338844,0.1807146519422531,0.12979154288768768,0.05092310905456543,0.17363646626472473,0.09503725171089172,0.07859921455383301,0.15493455529212952,0.08696481585502625,0.06796973943710327,0.14411650598049164,0.08367595821619034,0.0604405477643013,0.06727100163698196,0.05682782456278801,0.010443177074193954,0.03368966653943062,0.025896281003952026,0.007793385535478592,57.660738945007324,29.330770015716553
2->512->64->64->1,ELU,0.417564,0.22784847021102905,0.12231921404600143,0.10552925616502762,0.16199569404125214,0.08992057293653488,0.07207512110471725,0.172826886177063,0.08556226640939713,0.08726461976766586,0.16409653425216675,0.08418311923742294,0.0799134150147438,0.08543658256530762,0.07731575518846512,0.008120827376842499,0.041877381503582,0.03629597648978233,0.005581405013799667,71.6438467502594,32.45206093788147
2->512->128->128->1,ELU,0.59958,0.16897691786289215,0.13106432557106018,0.03791259229183197,0.15289106965065002,0.08989148586988449,0.06299958378076553,0.14044679701328278,0.08436301350593567,0.05608378350734711,0.14448019862174988,0.0826316624879837,0.061848536133766174,0.08264826238155365,0.07361358404159546,0.009034678339958191,0.043044380843639374,0.034078240394592285,0.008966140449047089,102.1054139137268,38.80584907531738
2->512->256->256->1,ELU,1.061916,0.19429650902748108,0.15547895431518555,0.03881755471229553,0.13328605890274048,0.09863567352294922,0.03465038537979126,0.12433931231498718,0.08733642846345901,0.03700288385152817,0.13050305843353271,0.08517851680517197,0.04532454162836075,0.09540053457021713,0.0778067484498024,0.017593786120414734,0.05041900649666786,0.03932154178619385,0.011097464710474014,198.51735424995422,51.893218994140625
2->512->512->512->1,ELU,2.379804,0.15264861285686493,0.1269725263118744,0.02567608654499054,0.12443846464157104,0.08910930156707764,0.03532916307449341,0.13459615409374237,0.08518583327531815,0.049410320818424225,0.12977588176727295,0.08324380218982697,0.046532079577445984,0.08014880865812302,0.08048845827579498,-0.00033964961767196655,0.04722311720252037,0.05431955307722092,-0.007096435874700546,430.5804340839386,88.09109306335449
2->512->1024->1024->1,ELU,6.588444,0.13201777637004852,0.12913061678409576,0.002887159585952759,0.10910362750291824,0.09229835867881775,0.016805268824100494,0.1092032939195633,0.0840827077627182,0.025120586156845093,0.10735499858856201,0.08366244286298752,0.023692555725574493,0.08347626030445099,0.08006981015205383,0.0034064501523971558,0.03655049577355385,0.0511225201189518,-0.01457202434539795,1368.8173348903656,217.82495307922363
2->512->2->2->1,Tanh,0.272484,0.21109038591384888,0.08712063729763031,0.12396974861621857,0.17027804255485535,0.0858849585056305,0.08439308404922485,0.1823635697364807,0.08585058897733688,0.09651298075914383,0.16781830787658691,0.0854502022266388,0.08236810564994812,0.18075887858867645,0.07866933196783066,0.1020895466208458,0.1784754991531372,0.07613490521907806,0.10234059393405914,46.0667040348053,26.431463956832886
2->512->4->4->1,Tanh,0.276684,0.11373301595449448,0.757216215133667,-0.6434831991791725,0.08945374935865402,0.6720402836799622,-0.5825865343213081,0.08967723697423935,0.6537485718727112,-0.5640713348984718,0.08540105819702148,0.6356490850448608,-0.5502480268478394,0.06424900889396667,0.6291735172271729,-0.5649245083332062,0.0680173709988594,0.6290162205696106,-0.5609988495707512,45.17166209220886,27.236436128616333
2->512->8->8->1,Tanh,0.28518,0.12152258306741714,0.11674267053604126,0.004779912531375885,0.1006133183836937,0.09227604418992996,0.008337274193763733,0.09052739292383194,0.08585868030786514,0.004668712615966797,0.09347455203533173,0.0839819461107254,0.009492605924606323,0.03923787176609039,0.05120973661541939,-0.011971864849328995,0.025401273742318153,0.044429898262023926,-0.019028624519705772,47.53830289840698,27.10425901412964
2->512->16->16->1,Tanh,0.302556,0.15073621273040771,0.20398691296577454,-0.05325070023536682,0.10407804697751999,0.13523998856544495,-0.031161941587924957,0.0997283086180687,0.10723760724067688,-0.007509298622608185,0.09919077157974243,0.09647373855113983,0.0027170330286026,0.04879658296704292,0.06485797464847565,-0.016061391681432724,0.029349759221076965,0.046553224325180054,-0.01720346510410309,52.11055302619934,27.713325023651123
2->512->32->32->1,Tanh,0.338844,0.15183958411216736,0.16881951689720154,-0.01697993278503418,0.10525397211313248,0.10629882663488388,-0.0010448545217514038,0.10936214029788971,0.08939480781555176,0.01996733248233795,0.10060256719589233,0.08533789962530136,0.015264667570590973,0.05263153463602066,0.05905544012784958,-0.0064239054918289185,0.03237234428524971,0.035333581268787384,-0.002961236983537674,57.95714807510376,29.283204793930054
2->512->64->64->1,Tanh,0.417564,0.14332640171051025,0.14401011168956757,-0.000683709979057312,0.09553834795951843,0.09657065570354462,-0.001032307744026184,0.09394535422325134,0.08708669245243073,0.006858661770820618,0.09348026663064957,0.08433903753757477,0.009141229093074799,0.051381878554821014,0.07143428921699524,-0.020052410662174225,0.028968825936317444,0.035111673176288605,-0.006142847239971161,73.2491409778595,32.79907298088074
2->512->128->128->1,Tanh,0.59958,0.12489157170057297,0.11252906173467636,0.012362509965896606,0.1000785231590271,0.08721902966499329,0.012859493494033813,0.09440721571445465,0.08398392051458359,0.010423295199871063,0.10066626965999603,0.08442661911249161,0.016239650547504425,0.05620933696627617,0.07632382214069366,-0.020114485174417496,0.02507091499865055,0.04252191260457039,-0.017450997605919838,103.41638517379761,39.07373285293579
2->512->256->256->1,Tanh,1.061916,0.1326994001865387,0.13278421759605408,-8.481740951538086e-05,0.10104258358478546,0.0924016535282135,0.00864093005657196,0.0955343097448349,0.08518294245004654,0.01035136729478836,0.10250287503004074,0.08470851182937622,0.01779436320066452,0.06773091107606888,0.08037775009870529,-0.012646839022636414,0.0339917317032814,0.05487091839313507,-0.020879186689853668,198.3807830810547,54.921873807907104
2->512->512->512->1,Tanh,2.379804,0.11701717227697372,0.12920939922332764,-0.012192226946353912,0.10085149109363556,0.09350787103176117,0.00734362006187439,0.08832477778196335,0.08616481721401215,0.0021599605679512024,0.0925971046090126,0.08553069829940796,0.007066406309604645,0.06933744251728058,0.08043301850557327,-0.011095575988292694,0.039036959409713745,0.05905459076166153,-0.020017631351947784,435.28917384147644,93.0410623550415
2->512->1024->1024->1,Tanh,6.588444,0.11510846763849258,0.12401321530342102,-0.008904747664928436,0.09347611665725708,0.09153522551059723,0.001940891146659851,0.10019832104444504,0.08552644401788712,0.014671877026557922,0.10253114998340607,0.08494633436203003,0.017584815621376038,0.07598749548196793,0.08132480084896088,-0.0053373053669929504,0.04211660474538803,0.06876326352357864,-0.026646658778190613,1378.2927470207214,227.9493203163147
2->512->2->2->1,ReLU6,0.272484,0.12990009784698486,0.2883847951889038,-0.15848469734191895,0.09936802089214325,0.28277283906936646,-0.1834048181772232,0.09199072420597076,0.2850511372089386,-0.19306041300296783,0.08636484295129776,0.2780502438545227,-0.19168540090322495,0.07537209987640381,0.19391687214374542,-0.11854477226734161,0.06981684267520905,0.1925233155488968,-0.12270647287368774,45.475451946258545,26.242645025253296
2->512->4->4->1,ReLU6,0.276684,0.16736061871051788,0.23622086644172668,-0.0688602477312088,0.11661841720342636,0.1860019862651825,-0.06938356906175613,0.0949392095208168,0.17510972917079926,-0.08017051964998245,0.09480109065771103,0.17338776588439941,-0.07858667522668839,0.058155082166194916,0.13376274704933167,-0.07560766488313675,0.04732600599527359,0.1318795531988144,-0.0845535472035408,45.623997926712036,26.749920129776
2->512->8->8->1,ReLU6,0.28518,0.12563472986221313,0.3267512023448944,-0.20111647248268127,0.10705821961164474,0.3327024281024933,-0.22564420849084854,0.11622976511716843,0.33301037549972534,-0.21678061038255692,0.095418781042099,0.3358175456523895,-0.24039876461029053,0.052165817469358444,0.3312534689903259,-0.2790876515209675,0.02776992693543434,0.33028000593185425,-0.3025100789964199,49.52516794204712,26.6109938621521
2->512->16->16->1,ReLU6,0.302556,0.17728455364704132,0.13671481609344482,0.0405697375535965,0.12876896560192108,0.10709872841835022,0.021670237183570862,0.11908719688653946,0.09416378289461136,0.0249234139919281,0.11744461208581924,0.08772356808185577,0.02972104400396347,0.04889316111803055,0.061587002128362656,-0.012693841010332108,0.02868490479886532,0.03576764091849327,-0.007082736119627953,50.464426040649414,27.416228771209717
2->512->32->32->1,ReLU6,0.338844,0.2632630467414856,0.20589888095855713,0.05736416578292847,0.2284734845161438,0.13043101131916046,0.09804247319698334,0.19655804336071014,0.10012289881706238,0.09643514454364777,0.18873339891433716,0.08781281113624573,0.10092058777809143,0.07699039578437805,0.07554605603218079,0.0014443397521972656,0.033762965351343155,0.038119327276945114,-0.004356361925601959,59.94085097312927,28.825550079345703
2->512->64->64->1,ReLU6,0.417564,0.23281744122505188,0.21545138955116272,0.01736605167388916,0.22952380776405334,0.1405492126941681,0.08897459506988525,0.23493729531764984,0.10389445722103119,0.13104283809661865,0.18818223476409912,0.09370091557502747,0.09448131918907166,0.0817105621099472,0.06444408744573593,0.017266474664211273,0.03396778181195259,0.027219649404287338,0.006748132407665253,71.25468397140503,32.30396795272827
2->512->128->128->1,ReLU6,0.59958,0.3231590986251831,0.20279628038406372,0.12036281824111938,0.28887325525283813,0.13212579488754272,0.1567474603652954,0.29087814688682556,0.10201863944530487,0.1888595074415207,0.27232950925827026,0.08924788981676102,0.18308161944150925,0.13186268508434296,0.06953167170286179,0.06233101338148117,0.06541655212640762,0.031388651579618454,0.03402790054678917,106.74602699279785,38.63114404678345
2->512->256->256->1,ReLU6,1.061916,0.1648295521736145,0.24673202633857727,-0.08190247416496277,0.14571058750152588,0.15901301801204681,-0.013302430510520935,0.12893864512443542,0.11474234610795975,0.014196299016475677,0.12043923139572144,0.09518535435199738,0.02525387704372406,0.07766220718622208,0.07054217904806137,0.007120028138160706,0.039010558277368546,0.027604583650827408,0.011405974626541138,197.83528900146484,50.963839054107666
2->512->512->512->1,ReLU6,2.379804,0.16860060393810272,0.2899777889251709,-0.12137718498706818,0.12838222086429596,0.2160457968711853,-0.08766357600688934,0.12715387344360352,0.1522664725780487,-0.02511259913444519,0.12342623621225357,0.11555679142475128,0.007869444787502289,0.06661471724510193,0.07166577875614166,-0.005051061511039734,0.032220833003520966,0.030296113342046738,0.001924719661474228,425.97539925575256,86.58612394332886
2->512->1024->1024->1,ReLU6,6.588444,0.18389923870563507,0.19756630063056946,-0.013667061924934387,0.14352767169475555,0.1379566490650177,0.005571022629737854,0.11529472470283508,0.10803194344043732,0.007262781262397766,0.1150389239192009,0.09420609474182129,0.020832829177379608,0.0604776106774807,0.07320620864629745,-0.012728597968816757,0.026177087798714638,0.03116419166326523,-0.0049871038645505905,1403.6225428581238,212.66907787322998
2->512->2->2->1,LeakyReLU,0.272484,0.3501526117324829,0.3390612006187439,0.011091411113739014,0.33106377720832825,0.3336483836174011,-0.002584606409072876,0.32916712760925293,0.3376661241054535,-0.008498996496200562,0.3228914737701416,0.33323559165000916,-0.010344117879867554,0.31504955887794495,0.3328792452812195,-0.017829686403274536,0.2942446768283844,0.33580800890922546,-0.041563332080841064,45.063579082489014,26.52961301803589
2->512->4->4->1,LeakyReLU,0.276684,0.156112939119339,0.3308003842830658,-0.1746874451637268,0.095906101167202,0.3368755578994751,-0.2409694567322731,0.08656084537506104,0.33517441153526306,-0.24861356616020203,0.08633209764957428,0.32325083017349243,-0.23691873252391815,0.0761135071516037,0.08296892791986465,-0.006855420768260956,0.064944326877594,0.0756298378109932,-0.0106855109333992,45.79246711730957,26.690532207489014
2->512->8->8->1,LeakyReLU,0.28518,0.337427020072937,0.20935165882110596,0.12807536125183105,0.3557029068470001,0.188341423869133,0.16736148297786713,0.30327308177948,0.18370361626148224,0.11956946551799774,0.32982146739959717,0.18545657396316528,0.14436489343643188,0.17583706974983215,0.16509440541267395,0.010742664337158203,0.10408879816532135,0.16860589385032654,-0.06451709568500519,47.562658071517944,26.592324018478394
2->512->16->16->1,LeakyReLU,0.302556,0.1663447767496109,0.3218277394771576,-0.1554829627275467,0.13242363929748535,0.22596648335456848,-0.09354284405708313,0.11755956709384918,0.13535022735595703,-0.01779066026210785,0.11566375941038132,0.09885944426059723,0.016804315149784088,0.055483873933553696,0.0480009987950325,0.0074828751385211945,0.027764907106757164,0.026519522070884705,0.0012453850358724594,49.9812171459198,27.344279766082764
2->512->32->32->1,LeakyReLU,0.338844,0.14539209008216858,0.1974835991859436,-0.052091509103775024,0.13439138233661652,0.13059979677200317,0.0037915855646133423,0.1109275370836258,0.10197832435369492,0.008949212729930878,0.10416840016841888,0.089668408036232,0.01449999213218689,0.05188203230500221,0.06753228604793549,-0.015650253742933273,0.02626768872141838,0.03032049909234047,-0.004052810370922089,57.286945104599,28.694683074951172
2->512->64->64->1,LeakyReLU,0.417564,0.1970929652452469,0.3099555969238281,-0.11286263167858124,0.1701008826494217,0.21547991037368774,-0.04537902772426605,0.15832741558551788,0.141585111618042,0.01674230396747589,0.14498840272426605,0.1056562215089798,0.039332181215286255,0.07105928659439087,0.05485185235738754,0.016207434237003326,0.03736598417162895,0.02447609230875969,0.012889891862869263,74.09988379478455,31.531617164611816
2->512->128->128->1,LeakyReLU,0.59958,0.19101685285568237,0.19053590297698975,0.00048094987869262695,0.16596342623233795,0.1414613127708435,0.024502113461494446,0.15920698642730713,0.1133299320936203,0.04587705433368683,0.1491532027721405,0.09693732112646103,0.052215881645679474,0.07898809015750885,0.06977381557226181,0.00921427458524704,0.050976019352674484,0.026677124202251434,0.02429889515042305,105.9918704032898,38.24185514450073
2->512->256->256->1,LeakyReLU,1.061916,0.2215818464756012,0.2976584732532501,-0.07607662677764893,0.18614551424980164,0.20395880937576294,-0.017813295125961304,0.1886909455060959,0.14116795361042023,0.04752299189567566,0.15265603363513947,0.10574539005756378,0.046910643577575684,0.07933779805898666,0.0719912052154541,0.007346592843532562,0.04089082404971123,0.029604710638523102,0.011286113411188126,196.3419008255005,52.86419606208801
2->512->512->512->1,LeakyReLU,2.379804,0.20549309253692627,0.30622556805610657,-0.1007324755191803,0.17087087035179138,0.21965931355953217,-0.048788443207740784,0.16350331902503967,0.14293447136878967,0.02056884765625,0.1375415027141571,0.11333107948303223,0.024210423231124878,0.08748742938041687,0.06986211240291595,0.017625316977500916,0.0316864438354969,0.027457941323518753,0.004228502511978149,424.6795451641083,86.00182294845581
2->512->1024->1024->1,LeakyReLU,6.588444,0.12100213766098022,0.25098782777786255,-0.12998569011688232,0.11371315270662308,0.16956061124801636,-0.05584745854139328,0.10390611737966537,0.1210530549287796,-0.017146937549114227,0.10219121724367142,0.09892264753580093,0.0032685697078704834,0.06198805943131447,0.07345882803201675,-0.011470768600702286,0.027924615889787674,0.03116321563720703,-0.0032385997474193573,1400.3404648303986,218.80288672447205
2->512->2->2->1,RandReLU,0.272484,0.31284400820732117,0.4084852933883667,-0.09564128518104553,0.3006979525089264,0.39734068512916565,-0.09664273262023926,0.28953176736831665,0.38370758295059204,-0.09417581558227539,0.29071739315986633,0.3671473264694214,-0.07642993330955505,0.11906013637781143,0.11362885683774948,0.005431279540061951,0.11108839511871338,0.11263391375541687,-0.0015455186367034912,45.29920291900635,27.472727060317993
2->512->4->4->1,RandReLU,0.276684,0.18537870049476624,0.23846673965454102,-0.05308803915977478,0.1151924580335617,0.10407734662294388,0.011115111410617828,0.08762550354003906,0.0864291787147522,0.0011963248252868652,0.08435176312923431,0.08442166447639465,-6.990134716033936e-05,0.08292422443628311,0.07987693697214127,0.0030472874641418457,0.07284185290336609,0.06415944546461105,0.008682407438755035,46.19018912315369,27.386525869369507
2->512->8->8->1,RandReLU,0.28518,0.1401715874671936,0.11660748720169067,0.02356410026550293,0.09207338839769363,0.09645578265190125,-0.004382394254207611,0.09105463325977325,0.09092681109905243,0.0001278221607208252,0.08304975926876068,0.0878109335899353,-0.004761174321174622,0.0766441822052002,0.07872800529003143,-0.002083823084831238,0.05020800232887268,0.05657872557640076,-0.006370723247528076,49.020386695861816,28.53140878677368
2->512->16->16->1,RandReLU,0.302556,0.16441303491592407,0.23598220944404602,-0.07156917452812195,0.10520431399345398,0.12165062129497528,-0.0164463073015213,0.10658813267946243,0.09207300841808319,0.014515124261379242,0.09954150766134262,0.0860346108675003,0.013506896793842316,0.052928660064935684,0.07274282723665237,-0.01981416717171669,0.027176659554243088,0.046927209943532944,-0.019750550389289856,57.34615993499756,28.593722105026245
2->512->32->32->1,RandReLU,0.338844,0.19849789142608643,0.11932622641324997,0.07917166501283646,0.1523817628622055,0.09435515105724335,0.05802661180496216,0.147433340549469,0.08707670867443085,0.06035663187503815,0.13044045865535736,0.08424553275108337,0.04619492590427399,0.07308025658130646,0.07189209759235382,0.0011881589889526367,0.03565840795636177,0.03363977372646332,0.0020186342298984528,64.2085108757019,31.895992040634155
2->512->64->64->1,RandReLU,0.417564,0.1742928922176361,0.18878944218158722,-0.01449654996395111,0.16196666657924652,0.12387597560882568,0.03809069097042084,0.15163199603557587,0.09869152307510376,0.05294047296047211,0.15142005681991577,0.08863265812397003,0.06278739869594574,0.0683135837316513,0.0722690001130104,-0.0039554163813591,0.03650318831205368,0.03462161496281624,0.001881573349237442,77.60928893089294,35.75609493255615
2->512->128->128->1,RandReLU,0.59958,0.20392906665802002,0.16318659484386444,0.04074247181415558,0.14447301626205444,0.10812661051750183,0.03634640574455261,0.13560675084590912,0.09203515946865082,0.0435715913772583,0.13344624638557434,0.08521655946969986,0.04822968691587448,0.06728186458349228,0.0722324550151825,-0.004950590431690216,0.03252052515745163,0.03221026062965393,0.000310264527797699,111.60122108459473,44.84520602226257
2->512->256->256->1,RandReLU,1.061916,0.15993329882621765,0.2098599076271057,-0.04992660880088806,0.15487222373485565,0.12672728300094604,0.028144940733909607,0.14416347444057465,0.09783332049846649,0.046330153942108154,0.13101039826869965,0.08795645087957382,0.043053947389125824,0.07961948215961456,0.07437857240438461,0.00524090975522995,0.04048475623130798,0.035520199686288834,0.00496455654501915,224.8920919895172,64.08800077438354
2->512->512->512->1,RandReLU,2.379804,0.15694861114025116,0.24975049495697021,-0.09280188381671906,0.13570624589920044,0.13957911729812622,-0.0038728713989257812,0.11567021906375885,0.09923380613327026,0.016436412930488586,0.11647553741931915,0.08869000524282455,0.0277855321764946,0.08648552000522614,0.07460916042327881,0.011876359581947327,0.036457426846027374,0.03524459898471832,0.0012128278613090515,458.98164987564087,111.55863332748413
2->512->1024->1024->1,RandReLU,6.588444,0.1331767588853836,0.20173990726470947,-0.06856314837932587,0.10889318585395813,0.11717808246612549,-0.008284896612167358,0.09965845197439194,0.09185075014829636,0.007807701826095581,0.10489203035831451,0.08714113384485245,0.017750896513462067,0.06925497204065323,0.07535064220428467,-0.006095670163631439,0.03775331750512123,0.03468211367726326,0.003071203827857971,1479.2615070343018,269.087504863739
2->512->2->2->1,SELU,0.272484,0.11164837330579758,0.09294919669628143,0.018699176609516144,0.09861182421445847,0.08426127582788467,0.014350548386573792,0.08880148828029633,0.08529902994632721,0.003502458333969116,0.09541371464729309,0.08413930237293243,0.011274412274360657,0.06591780483722687,0.08380486816167831,-0.017887063324451447,0.07081770151853561,0.08189751207828522,-0.011079810559749603,44.82310509681702,26.317564010620117
2->512->4->4->1,SELU,0.276684,0.1480589210987091,0.36755600571632385,-0.21949708461761475,0.08731415122747421,0.14629043638706207,-0.05897628515958786,0.09362994879484177,0.0999443382024765,-0.006314389407634735,0.09580065310001373,0.08760581165552139,0.00819484144449234,0.07417187839746475,0.07001680880784988,0.004155069589614868,0.040165871381759644,0.06117431819438934,-0.0210084468126297,46.122309923172,27.12883186340332
2->512->8->8->1,SELU,0.28518,0.16852116584777832,0.11004680395126343,0.05847436189651489,0.1158747524023056,0.08530908823013306,0.030565664172172546,0.11478729546070099,0.08527198433876038,0.029515311121940613,0.10750944912433624,0.08374161273241043,0.023767836391925812,0.058712784200906754,0.0632658526301384,-0.004553068429231644,0.03598332405090332,0.0455145463347435,-0.00953122228384018,47.83151412010193,27.109466075897217
2->512->16->16->1,SELU,0.302556,0.2552674412727356,0.10737474262714386,0.14789269864559174,0.20684683322906494,0.08762901276350021,0.11921782046556473,0.19908380508422852,0.0836649090051651,0.11541889607906342,0.17144352197647095,0.08340366184711456,0.08803986012935638,0.09002181887626648,0.07132212072610855,0.01869969815015793,0.0639597475528717,0.04783032089471817,0.016129426658153534,49.92309498786926,27.414788246154785
2->512->32->32->1,SELU,0.338844,0.36935245990753174,0.09013252705335617,0.27921993285417557,0.2549944519996643,0.08460451662540436,0.17038993537425995,0.23060140013694763,0.08379754424095154,0.1468038558959961,0.21923552453517914,0.08343454450368881,0.13580098003149033,0.1199803501367569,0.07555104792118073,0.04442930221557617,0.08153189718723297,0.0542885847389698,0.02724331244826317,57.109894037246704,28.71512770652771
2->512->64->64->1,SELU,0.417564,0.29752248525619507,0.1185174286365509,0.17900505661964417,0.20864835381507874,0.09113416075706482,0.11751419305801392,0.2266218662261963,0.08494848012924194,0.14167338609695435,0.20079749822616577,0.08506309986114502,0.11573439836502075,0.13147850334644318,0.0764167308807373,0.05506177246570587,0.07544676214456558,0.05163147673010826,0.02381528541445732,71.22829699516296,31.837707042694092
2->512->128->128->1,SELU,0.59958,0.26825135946273804,0.11091683059930801,0.15733452886343002,0.19605323672294617,0.08834117650985718,0.10771206021308899,0.1955960988998413,0.08455225825309753,0.11104384064674377,0.17430897057056427,0.08528857678174973,0.08902039378881454,0.12721920013427734,0.07957103103399277,0.047648169100284576,0.08204034715890884,0.06569541990756989,0.01634492725133896,102.08045506477356,39.03262805938721
2->512->256->256->1,SELU,1.061916,0.2571580410003662,0.13742706179618835,0.11973097920417786,0.19364844262599945,0.09199651330709457,0.10165192931890488,0.19488900899887085,0.08693768084049225,0.1079513281583786,0.19270211458206177,0.08447283506393433,0.10822927951812744,0.1547420620918274,0.08058979362249374,0.07415226846933365,0.09931733459234238,0.07170019298791885,0.027617141604423523,198.80387496948242,53.257392168045044
2->512->512->512->1,SELU,2.379804,0.2423354685306549,0.11122512817382812,0.13111034035682678,0.18437343835830688,0.08856335282325745,0.09581008553504944,0.167303204536438,0.08600575476884842,0.08129744976758957,0.15923558175563812,0.08478789776563644,0.07444768399000168,0.1146765649318695,0.08120256662368774,0.03347399830818176,0.10336389392614365,0.07119409739971161,0.03216979652643204,432.28076219558716,87.55879616737366
2->512->1024->1024->1,SELU,6.588444,0.171822652220726,0.12212841212749481,0.0496942400932312,0.13294324278831482,0.09077344089746475,0.04216980189085007,0.12652601301670074,0.08396407216787338,0.04256194084882736,0.12631677091121674,0.08409688621759415,0.04221988469362259,0.10374599695205688,0.08095458894968033,0.022791408002376556,0.07766403257846832,0.07419805973768234,0.0034659728407859802,1369.0100259780884,216.994775056839
2->512->2->2->1,CELU,0.272484,0.10955202579498291,0.6019379496574402,-0.4923859238624573,0.08831620961427689,0.32292476296424866,-0.23460855334997177,0.09393548965454102,0.17283476889133453,-0.07889927923679352,0.08623076230287552,0.11382760107517242,-0.027596838772296906,0.0695258155465126,0.08326642215251923,-0.013740606606006622,0.06310190260410309,0.07105515897274017,-0.007953256368637085,44.982759952545166,26.345506191253662
2->512->4->4->1,CELU,0.276684,0.1416597068309784,0.08612822741270065,0.05553147941827774,0.10648079961538315,0.08731251955032349,0.019168280065059662,0.09218521416187286,0.08520666509866714,0.006978549063205719,0.09113097190856934,0.08397675305604935,0.007154218852519989,0.07298126071691513,0.05873455852270126,0.014246702194213867,0.05872444808483124,0.04807788506150246,0.010646563023328781,45.651012897491455,26.533021926879883
2->512->8->8->1,CELU,0.28518,0.1217799186706543,0.1037190780043602,0.018060840666294098,0.1004493460059166,0.08837713301181793,0.012072212994098663,0.10432486981153488,0.08592108637094498,0.018403783440589905,0.0948220044374466,0.08488529920578003,0.009936705231666565,0.056105464696884155,0.04397885873913765,0.012126605957746506,0.02844589203596115,0.03260521590709686,-0.004159323871135712,48.326775789260864,27.281681776046753
2->512->16->16->1,CELU,0.302556,0.21064825356006622,0.12786392867565155,0.08278432488441467,0.15428395569324493,0.08967370539903641,0.06461025029420853,0.11949863284826279,0.08473087102174759,0.0347677618265152,0.1285596787929535,0.08446232229471207,0.044097356498241425,0.0519491508603096,0.07368091493844986,-0.02173176407814026,0.026592908427119255,0.04021177068352699,-0.013618862256407738,51.975768089294434,27.735326051712036
2->512->32->32->1,CELU,0.338844,0.18777813017368317,0.15969152748584747,0.028086602687835693,0.15253302454948425,0.09891865402460098,0.05361437052488327,0.14475876092910767,0.08642740547657013,0.05833135545253754,0.12592536211013794,0.08388089388608932,0.042044468224048615,0.06365872174501419,0.0647011250257492,-0.0010424032807350159,0.03271443024277687,0.02767343446612358,0.00504099577665329,56.992192029953,28.51722288131714
2->512->64->64->1,CELU,0.417564,0.2105141282081604,0.13470950722694397,0.07580462098121643,0.18923184275627136,0.09175766259431839,0.09747418016195297,0.17248234152793884,0.08511384576559067,0.08736849576234818,0.15582606196403503,0.08360454440116882,0.07222151756286621,0.0900133028626442,0.07840676605701447,0.01160653680562973,0.04197343811392784,0.039280377328395844,0.0026930607855319977,74.22342419624329,31.787780284881592
2->512->128->128->1,CELU,0.59958,0.23063212633132935,0.138776034116745,0.09185609221458435,0.1787710040807724,0.09284692257642746,0.08592408150434494,0.18075942993164062,0.08563502132892609,0.09512440860271454,0.17633579671382904,0.08427653461694717,0.09205926209688187,0.10220484435558319,0.08119867742061615,0.02100616693496704,0.05551489442586899,0.051047924906015396,0.004466969519853592,104.62280511856079,37.98608589172363
2->512->256->256->1,CELU,1.061916,0.17721359431743622,0.15113817155361176,0.026075422763824463,0.1410905420780182,0.09511951357126236,0.04597102850675583,0.13535284996032715,0.08638398349285126,0.04896886646747589,0.13985368609428406,0.08478696644306183,0.05506671965122223,0.09126242250204086,0.08029285073280334,0.010969571769237518,0.04605385661125183,0.05087852105498314,-0.004824664443731308,194.25329518318176,53.660561084747314
2->512->512->512->1,CELU,2.379804,0.1680876761674881,0.1290818154811859,0.039005860686302185,0.12956467270851135,0.08972172439098358,0.03984294831752777,0.11730650067329407,0.08527413755655289,0.03203236311674118,0.13999201357364655,0.0838121697306633,0.056179843842983246,0.08820889890193939,0.0795004814863205,0.008708417415618896,0.03919767960906029,0.05252742022275925,-0.01332974061369896,433.3850791454315,87.75085377693176
2->512->1024->1024->1,CELU,6.588444,0.15825073421001434,0.1294020712375641,0.028848662972450256,0.11676117777824402,0.08985812962055206,0.026903048157691956,0.11164628714323044,0.08563672751188278,0.026009559631347656,0.11743099987506866,0.08317757397890091,0.034253425896167755,0.08700292557477951,0.08110305666923523,0.005899868905544281,0.041175924241542816,0.053700875490903854,-0.012524951249361038,1369.6189229488373,229.4789731502533
2->512->2->2->1,Softplus,0.272484,0.08901604264974594,0.08358564227819443,0.005430400371551514,0.08654174953699112,0.08330842852592468,0.0032333210110664368,0.09365727007389069,0.08322886377573013,0.010428406298160553,0.08919636905193329,0.08356761932373047,0.00562874972820282,0.08717582374811172,0.07686298340559006,0.010312840342521667,0.08411558717489243,0.07149921357631683,0.012616373598575592,45.70481634140015,26.67889904975891
2->512->4->4->1,Softplus,0.276684,0.09400478005409241,0.15238000452518463,-0.058375224471092224,0.08484319597482681,0.12930011749267578,-0.04445692151784897,0.08941248804330826,0.11162161827087402,-0.022209130227565765,0.09000375866889954,0.09901345521211624,-0.009009696543216705,0.0833929181098938,0.08257001638412476,0.000822901725769043,0.06929108500480652,0.057632651180028915,0.011658433824777603,47.25137400627136,26.827049016952515
2->512->8->8->1,Softplus,0.28518,0.08867961913347244,0.10979001969099045,-0.021110400557518005,0.08979716151952744,0.10439684242010117,-0.01459968090057373,0.0791487991809845,0.10134391486644745,-0.02219511568546295,0.08579288423061371,0.10072686523199081,-0.014933981001377106,0.041712433099746704,0.08727991580963135,-0.045567482709884644,0.029828524217009544,0.06430326402187347,-0.03447473980486393,47.94763493537903,27.316926956176758
2->512->16->16->1,Softplus,0.302556,0.3819950520992279,0.14534176886081696,0.23665328323841095,0.13355743885040283,0.12616372108459473,0.0073937177658081055,0.10394158959388733,0.11109036207199097,-0.007148772478103638,0.09075010567903519,0.0997873842716217,-0.009037278592586517,0.05791837349534035,0.0829455778002739,-0.025027204304933548,0.02965620346367359,0.08209750056266785,-0.052441297098994255,51.450504779815674,27.289618968963623
2->512->32->32->1,Softplus,0.338844,0.10244294255971909,0.12004745006561279,-0.017604507505893707,0.0867479145526886,0.10805562138557434,-0.021307706832885742,0.08509362488985062,0.0985964983701706,-0.013502873480319977,0.08571000397205353,0.09502292424440384,-0.009312920272350311,0.04341164976358414,0.08213827759027481,-0.038726627826690674,0.017545031383633614,0.0689467117190361,-0.05140168033540249,57.62079572677612,29.872675895690918
2->512->64->64->1,Softplus,0.417564,0.09380712360143661,0.12548869848251343,-0.03168157488107681,0.08795299381017685,0.10949217528104782,-0.02153918147087097,0.0883701741695404,0.10128618031740189,-0.01291600614786148,0.09013620018959045,0.09617997705936432,-0.006043776869773865,0.03946566954255104,0.08234302699565887,-0.042877357453107834,0.021028900519013405,0.07443524897098541,-0.05340634845197201,75.60420083999634,32.989564180374146
2->512->128->128->1,Softplus,0.59958,0.08931013941764832,0.09897593408823013,-0.009665794670581818,0.09214862436056137,0.09167181700468063,0.0004768073558807373,0.08375006914138794,0.08874906599521637,-0.00499899685382843,0.08360588550567627,0.08568360656499863,-0.002077721059322357,0.043497003614902496,0.08304613828659058,-0.03954913467168808,0.024209236726164818,0.06750842928886414,-0.04329919256269932,108.3977460861206,40.95087909698486
2->512->256->256->1,Softplus,1.061916,0.10116982460021973,0.09731739014387131,0.003852434456348419,0.08917652070522308,0.09234318137168884,-0.0031666606664657593,0.08871686458587646,0.088872529566288,-0.00015566498041152954,0.08418430387973785,0.08743517100811005,-0.0032508671283721924,0.0732606053352356,0.08304503560066223,-0.009784430265426636,0.027614129707217216,0.07457985728979111,-0.04696572758257389,203.72127103805542,58.346760988235474
2->512->512->512->1,Softplus,2.379804,0.08667781203985214,0.09540968388319016,-0.008731871843338013,0.0835944414138794,0.09087498486042023,-0.0072805434465408325,0.08403684198856354,0.08875489979982376,-0.004718057811260223,0.07914294302463531,0.0857149064540863,-0.006571963429450989,0.06179223582148552,0.08314165472984314,-0.02134941890835762,0.026600975543260574,0.07513069361448288,-0.048529718071222305,438.0322768688202,98.03013777732849
2->512->1024->1024->1,Softplus,6.588444,0.4900315999984741,0.08539749681949615,0.40463410317897797,0.22720208764076233,0.0863000750541687,0.14090201258659363,0.13644979894161224,0.08406092971563339,0.05238886922597885,0.09910223633050919,0.08362561464309692,0.015476621687412262,0.07852065563201904,0.08196847140789032,-0.003447815775871277,0.040905483067035675,0.07176573574542999,-0.030860252678394318,1445.0031509399414,237.86569690704346
2->512->2->2->1,Hardshrink,0.272484,0.3176763653755188,0.09935612231492996,0.21832024306058884,0.3544355034828186,0.09290391206741333,0.2615315914154053,0.3263472616672516,0.09281741082668304,0.23352985084056854,0.3255014717578888,0.09098193049430847,0.23451954126358032,0.30913856625556946,0.08788502216339111,0.22125354409217834,0.2985950708389282,0.09158948808908463,0.2070055827498436,49.22994875907898,35.72551131248474
2->512->4->4->1,Hardshrink,0.276684,0.3401118814945221,0.3313976526260376,0.008714228868484497,0.3323230445384979,0.33557865023612976,-0.003255605697631836,0.3223496377468109,0.3304647207260132,-0.00811508297920227,0.33481714129447937,0.3343455195426941,0.0004716217517852783,0.2897107005119324,0.33150961995124817,-0.041798919439315796,0.3005208969116211,0.33095768094062805,-0.030436784029006958,49.140202045440674,27.88322615623474
2->512->8->8->1,Hardshrink,0.28518,0.40325069427490234,0.3351966142654419,0.06805408000946045,0.3164987564086914,0.33143940567970276,-0.014940649271011353,0.31241101026535034,0.3295697569847107,-0.01715874671936035,0.319253146648407,0.3281725347042084,-0.008919388055801392,0.3343060314655304,0.2943038046360016,0.04000222682952881,0.3372296392917633,0.2652021050453186,0.0720275342464447,51.219897985458374,28.765353202819824
2->512->16->16->1,Hardshrink,0.302556,0.46573543548583984,0.34137997031211853,0.12435546517372131,0.3185291588306427,0.32626157999038696,-0.007732421159744263,0.30513694882392883,0.32854750752449036,-0.023410558700561523,0.3001416325569153,0.3287907838821411,-0.02864915132522583,0.29792216420173645,0.33056962490081787,-0.03264746069908142,0.2895454168319702,0.3291996121406555,-0.0396541953086853,49.38908910751343,36.548298835754395
2->512->32->32->1,Hardshrink,0.338844,0.5070557594299316,0.32907834649086,0.17797741293907166,0.33267831802368164,0.33020180463790894,0.002476513385772705,0.31572455167770386,0.3275785744190216,-0.011854022741317749,0.2998117208480835,0.3350403308868408,-0.035228610038757324,0.30522289872169495,0.285388708114624,0.019834190607070923,0.29612496495246887,0.23432962596416473,0.06179533898830414,56.46010398864746,29.32935118675232
2->512->64->64->1,Hardshrink,0.417564,0.44452497363090515,0.32659104466438293,0.11793392896652222,0.3113875687122345,0.32979050278663635,-0.018402934074401855,0.3095821142196655,0.32167848944664,-0.012096375226974487,0.3111456632614136,0.33460181951522827,-0.023456156253814697,0.2904733717441559,0.2776855230331421,0.012787848711013794,0.29191964864730835,0.24775201082229614,0.04416763782501221,72.48739004135132,31.45767903327942
2->512->128->128->1,Hardshrink,0.59958,0.5402059555053711,0.33640262484550476,0.20380333065986633,0.3461587429046631,0.3242245614528656,0.021934181451797485,0.29715168476104736,0.3316819965839386,-0.034530311822891235,0.3177330791950226,0.3335666358470917,-0.015833556652069092,0.28797292709350586,0.32998597621917725,-0.04201304912567139,0.2743417024612427,0.3306950330734253,-0.05635333061218262,102.2430489063263,39.24883198738098
2->512->256->256->1,Hardshrink,1.061916,0.5542681813240051,0.3320613205432892,0.22220686078071594,0.3452119827270508,0.3315281271934509,0.013683855533599854,0.2967471480369568,0.3314753770828247,-0.03472822904586792,0.32214879989624023,0.331909716129303,-0.009760916233062744,0.30128374695777893,0.33254313468933105,-0.031259387731552124,0.2792482376098633,0.3363306522369385,-0.057082414627075195,195.4750678539276,53.161625146865845
2->512->512->512->1,Hardshrink,2.379804,0.4625450372695923,0.3294113576412201,0.1331336796283722,0.32359305024147034,0.33304890990257263,-0.009455859661102295,0.3068361282348633,0.32724007964134216,-0.020403951406478882,0.32724013924598694,0.32326844334602356,0.003971695899963379,0.31328755617141724,0.3365378677845001,-0.023250311613082886,0.29506123065948486,0.3258817195892334,-0.030820488929748535,422.92698192596436,83.83606314659119
2->512->1024->1024->1,Hardshrink,6.588444,0.46819087862968445,0.32948237657546997,0.13870850205421448,0.35134994983673096,0.3300977349281311,0.021252214908599854,0.3000038266181946,0.3337630033493042,-0.03375917673110962,0.30083519220352173,0.33671844005584717,-0.03588324785232544,0.30200546979904175,0.3336314260959625,-0.031625956296920776,0.2718365788459778,0.3327884078025818,-0.060951828956604004,1384.0047850608826,207.8586869239807
2->512->2->2->1,Hardsigmoid,0.272484,0.09007854759693146,0.09049299359321594,-0.00041444599628448486,0.08812688291072845,0.0921766608953476,-0.004049777984619141,0.08441315591335297,0.09187693148851395,-0.00746377557516098,0.08961569517850876,0.09170079231262207,-0.0020850971341133118,0.08497278392314911,0.09073478728532791,-0.0057620033621788025,0.08299217373132706,0.09190105646848679,-0.008908882737159729,45.03986310958862,26.54804515838623
2->512->4->4->1,Hardsigmoid,0.276684,0.08899421989917755,0.08479610085487366,0.004198119044303894,0.08986462652683258,0.08313395082950592,0.00673067569732666,0.08777543902397156,0.08391495048999786,0.003860488533973694,0.09011192619800568,0.08261332660913467,0.007498599588871002,0.08926272392272949,0.08341176062822342,0.005850963294506073,0.0901593565940857,0.08402494341135025,0.006134413182735443,47.59881901741028,26.695571899414062
2->512->8->8->1,Hardsigmoid,0.28518,0.0854872539639473,0.0830690860748291,0.0024181678891181946,0.08492571860551834,0.0828290656208992,0.0020966529846191406,0.08471985906362534,0.08384798467159271,0.0008718743920326233,0.08611738681793213,0.08275191485881805,0.0033654719591140747,0.08876933157444,0.08357259631156921,0.005196735262870789,0.0780254676938057,0.08263063430786133,-0.0046051666140556335,48.67247986793518,26.56804609298706
2->512->16->16->1,Hardsigmoid,0.302556,0.0796162486076355,0.08574178069829941,-0.00612553209066391,0.08262348175048828,0.08542340248823166,-0.0027999207377433777,0.08980076014995575,0.0854765847325325,0.004324175417423248,0.08564271777868271,0.08538197726011276,0.0002607405185699463,0.08152609318494797,0.08527538180351257,-0.0037492886185646057,0.07838527858257294,0.08506646752357483,-0.006681188941001892,52.228739976882935,27.08317804336548
2->512->32->32->1,Hardsigmoid,0.338844,0.09472351521253586,0.08719755709171295,0.0075259581208229065,0.09191261976957321,0.08724170923233032,0.004670910537242889,0.09146151691675186,0.08654006570577621,0.004921451210975647,0.08786842972040176,0.08822096884250641,-0.0003525391221046448,0.08371976017951965,0.0864739641547203,-0.002754203975200653,0.07443035393953323,0.08635538816452026,-0.01192503422498703,56.72462511062622,28.65080499649048
2->512->64->64->1,Hardsigmoid,0.417564,0.09566718339920044,0.08551949262619019,0.010147690773010254,0.09242790937423706,0.08319337666034698,0.009234532713890076,0.09087740629911423,0.08458425849676132,0.006293147802352905,0.08511029928922653,0.08311469852924347,0.0019956007599830627,0.08508734405040741,0.08253847062587738,0.0025488734245300293,0.07396292686462402,0.08281811326742172,-0.008855186402797699,73.74568772315979,31.19038200378418
2->512->128->128->1,Hardsigmoid,0.59958,0.0894833654165268,0.08566781878471375,0.0038155466318130493,0.09192269295454025,0.08561909943819046,0.0063035935163497925,0.08705957233905792,0.08596909791231155,0.0010904744267463684,0.08505535870790482,0.08587940782308578,-0.0008240491151809692,0.08578817546367645,0.0841757282614708,0.001612447202205658,0.08014009147882462,0.08322426676750183,-0.0030841752886772156,101.68088483810425,37.17198300361633
2->512->256->256->1,Hardsigmoid,1.061916,0.1277083307504654,0.08464378118515015,0.04306454956531525,0.11936676502227783,0.08368164300918579,0.03568512201309204,0.12394389510154724,0.08403222262859344,0.039911672472953796,0.11764633655548096,0.08262588083744049,0.035020455718040466,0.09244990348815918,0.08366456627845764,0.008785337209701538,0.08684806525707245,0.08365841954946518,0.0031896457076072693,194.9753692150116,52.48797869682312
2->512->512->512->1,Hardsigmoid,2.379804,0.08657684922218323,0.08751355856657028,-0.0009367093443870544,0.08238780498504639,0.08686012774705887,-0.004472322762012482,0.08543837815523148,0.08647386729717255,-0.0010354891419410706,0.08208557963371277,0.08691857755184174,-0.004832997918128967,0.08155868947505951,0.08605925738811493,-0.00450056791305542,0.08462487161159515,0.08574040979146957,-0.0011155381798744202,425.6563880443573,85.62230896949768
2->512->1024->1024->1,Hardsigmoid,6.588444,0.08745384961366653,0.08268795907497406,0.004765890538692474,0.08203154802322388,0.08441194146871567,-0.0023803934454917908,0.0861435979604721,0.08397115021944046,0.0021724477410316467,0.08611178398132324,0.08393032103776932,0.0021814629435539246,0.08348297327756882,0.08413033932447433,-0.0006473660469055176,0.08261801302433014,0.08478198945522308,-0.0021639764308929443,1391.7572989463806,212.32267308235168
2->512->2->2->1,Hardtanh,0.272484,0.20255373418331146,0.13187158107757568,0.07068215310573578,0.18749673664569855,0.10635726898908615,0.0811394676566124,0.1971255987882614,0.10288605839014053,0.09423954039812088,0.1919691264629364,0.10156862437725067,0.09040050208568573,0.20102082192897797,0.09936798363924026,0.1016528382897377,0.1991640329360962,0.0995369553565979,0.09962707757949829,54.79215478897095,26.333750009536743
2->512->4->4->1,Hardtanh,0.276684,0.1506674736738205,0.08901780098676682,0.06164967268705368,0.11643785983324051,0.08421913534402847,0.032218724489212036,0.11569104343652725,0.08400560915470123,0.03168543428182602,0.11919040232896805,0.08338651061058044,0.035803891718387604,0.11403614282608032,0.06358109414577484,0.05045504868030548,0.1011381596326828,0.05511575937271118,0.04602240025997162,45.30138897895813,26.8928120136261
2->512->8->8->1,Hardtanh,0.28518,0.14068879187107086,0.2941948473453522,-0.1535060554742813,0.10175582766532898,0.16922451555728912,-0.06746868789196014,0.09957849979400635,0.12602004408836365,-0.0264415442943573,0.0872703492641449,0.1079666018486023,-0.020696252584457397,0.04600333422422409,0.07898503541946411,-0.03298170119524002,0.033275797963142395,0.07458852976560593,-0.04131273180246353,47.96412897109985,26.957487106323242
2->512->16->16->1,Hardtanh,0.302556,0.28225281834602356,0.140579491853714,0.14167332649230957,0.21808819472789764,0.09252059459686279,0.12556760013103485,0.20569667220115662,0.08767027407884598,0.11802639812231064,0.19042660295963287,0.0844239816069603,0.10600262135267258,0.10819419473409653,0.03414980694651604,0.07404438778758049,0.07719352096319199,0.022530216723680496,0.05466330423951149,49.48695707321167,27.17734408378601
2->512->32->32->1,Hardtanh,0.338844,0.2905179560184479,0.11614596843719482,0.17437198758125305,0.19347696006298065,0.08818373084068298,0.10529322922229767,0.19626370072364807,0.0851898193359375,0.11107388138771057,0.19662196934223175,0.08509285002946854,0.11152911931276321,0.1254993975162506,0.05353480204939842,0.07196459546685219,0.0735509991645813,0.029886655509471893,0.043664343655109406,56.62275576591492,28.757283687591553
2->512->64->64->1,Hardtanh,0.417564,0.2318142056465149,0.1695985645055771,0.062215641140937805,0.18052950501441956,0.09976734966039658,0.08076215535402298,0.16352157294750214,0.08662529289722443,0.07689628005027771,0.15652237832546234,0.08402623236179352,0.07249614596366882,0.10733160376548767,0.0653817355632782,0.04194986820220947,0.05234144628047943,0.03225481137633324,0.020086634904146194,75.32116723060608,31.32067894935608
2->512->128->128->1,Hardtanh,0.59958,0.23810434341430664,0.12060645967721939,0.11749788373708725,0.17900647222995758,0.08780616521835327,0.09120030701160431,0.17051978409290314,0.08513884991407394,0.0853809341788292,0.1664605438709259,0.08396389335393906,0.08249665051698685,0.10319613665342331,0.07942921668291092,0.02376691997051239,0.05838195979595184,0.04894149675965309,0.009440463036298752,101.89312195777893,37.15681171417236
2->512->256->256->1,Hardtanh,1.061916,0.2335771769285202,0.13989032804965973,0.09368684887886047,0.2079768180847168,0.09289872646331787,0.11507809162139893,0.1743418574333191,0.08528073877096176,0.08906111866235733,0.17004257440567017,0.08394888788461685,0.08609368652105331,0.12755684554576874,0.08006320148706436,0.047493644058704376,0.08137243241071701,0.05607264116406441,0.025299791246652603,195.04717206954956,50.78635907173157
2->512->512->512->1,Hardtanh,2.379804,0.19381582736968994,0.14309333264827728,0.05072249472141266,0.16027593612670898,0.09180743992328644,0.06846849620342255,0.16949504613876343,0.08570285886526108,0.08379218727350235,0.14617475867271423,0.08386091887950897,0.06231383979320526,0.10902250558137894,0.08237070590257645,0.02665179967880249,0.06645625084638596,0.06860803067684174,-0.00215177983045578,425.3202521800995,85.67290496826172
2->512->1024->1024->1,Hardtanh,6.588444,0.17856156826019287,0.12962985038757324,0.04893171787261963,0.13955870270729065,0.09096141159534454,0.048597291111946106,0.11665543913841248,0.08605993539094925,0.030595503747463226,0.12487085163593292,0.08424369245767593,0.04062715917825699,0.08302677422761917,0.08066455274820328,0.0023622214794158936,0.056315433233976364,0.0696970596909523,-0.013381626456975937,1386.505693912506,213.93245697021484
2->512->2->2->1,Hardswish,0.272484,0.21577298641204834,0.09519883990287781,0.12057414650917053,0.10389744490385056,0.09050750732421875,0.013389937579631805,0.09748762845993042,0.09099960327148438,0.006488025188446045,0.08622187376022339,0.09269005060195923,-0.00646817684173584,0.09023179113864899,0.08776641637086868,0.002465374767780304,0.07283750176429749,0.08643686771392822,-0.013599365949630737,45.4595000743866,26.665334939956665
2->512->4->4->1,Hardswish,0.276684,0.19015370309352875,0.6007798314094543,-0.4106261283159256,0.14773473143577576,0.5764414072036743,-0.42870667576789856,0.1452367603778839,0.5749917030334473,-0.42975494265556335,0.14373809099197388,0.5753383636474609,-0.43160027265548706,0.05802389234304428,0.5800182223320007,-0.5219943299889565,0.042033374309539795,0.5683877468109131,-0.5263543725013733,45.41515588760376,26.2798593044281
2->512->8->8->1,Hardswish,0.28518,0.14606742560863495,0.22470314800739288,-0.07863572239875793,0.10500167310237885,0.17212173342704773,-0.06712006032466888,0.09473121166229248,0.14486603438854218,-0.050134822726249695,0.09253697097301483,0.12236182391643524,-0.02982485294342041,0.04151991382241249,0.059518784284591675,-0.017998870462179184,0.023374272510409355,0.03720768168568611,-0.013833409175276756,46.61560320854187,26.542477130889893
2->512->16->16->1,Hardswish,0.302556,0.1355617195367813,0.38332951068878174,-0.24776779115200043,0.10632244497537613,0.2748590409755707,-0.16853659600019455,0.08947063982486725,0.15243200957775116,-0.06296136975288391,0.09453965723514557,0.0975370705127716,-0.0029974132776260376,0.02754584699869156,0.08202526718378067,-0.05447942018508911,0.017124515026807785,0.05613972991704941,-0.03901521489024162,49.72235608100891,26.929820775985718
2->512->32->32->1,Hardswish,0.338844,0.16637562215328217,0.35119372606277466,-0.1848181039094925,0.11835108697414398,0.26323962211608887,-0.14488853514194489,0.11931133270263672,0.18366174399852753,-0.06435041129589081,0.09660318493843079,0.13194602727890015,-0.03534284234046936,0.038723431527614594,0.08053472638130188,-0.041811294853687286,0.020212754607200623,0.05309613049030304,-0.03288337588310242,56.273831844329834,28.32015109062195
2->512->64->64->1,Hardswish,0.417564,0.14065787196159363,0.20312567055225372,-0.062467798590660095,0.1019652932882309,0.1486348658800125,-0.046669572591781616,0.09046363830566406,0.11082212626934052,-0.020358487963676453,0.09093120694160461,0.0915076956152916,-0.0005764886736869812,0.03129532188177109,0.08057261258363724,-0.04927729070186615,0.014857861213386059,0.05229250341653824,-0.03743464220315218,71.07500529289246,31.57380485534668
2->512->128->128->1,Hardswish,0.59958,0.13043059408664703,0.2632499933242798,-0.13281939923763275,0.10771581530570984,0.20860068500041962,-0.10088486969470978,0.09712879359722137,0.15760260820388794,-0.060473814606666565,0.10146673023700714,0.12081695348024368,-0.019350223243236542,0.03599582239985466,0.08112891018390656,-0.045133087784051895,0.01841886155307293,0.044217221438884735,-0.025798359885811806,104.77122187614441,38.68528366088867
2->512->256->256->1,Hardswish,1.061916,0.12566323578357697,0.24662630259990692,-0.12096306681632996,0.1026478186249733,0.1834203600883484,-0.08077254146337509,0.1018858253955841,0.13694167137145996,-0.035055845975875854,0.09771864861249924,0.10278034210205078,-0.005061693489551544,0.043010272085666656,0.08058784902095795,-0.03757757693529129,0.016650093719363213,0.045805491507053375,-0.029155397787690163,217.72744393348694,51.02309608459473
2->512->512->512->1,Hardswish,2.379804,0.11622586846351624,0.2949478030204773,-0.17872193455696106,0.08661126345396042,0.23695078492164612,-0.1503395214676857,0.09179219603538513,0.18188408017158508,-0.09009188413619995,0.08855346590280533,0.1448325514793396,-0.05627908557653427,0.0506078377366066,0.0828077644109726,-0.032199926674366,0.01917772740125656,0.05367457494139671,-0.03449684754014015,432.72529220581055,93.87865495681763
2->512->1024->1024->1,Hardswish,6.588444,0.11334548890590668,0.2796553373336792,-0.16630984842777252,0.10025442391633987,0.2228316068649292,-0.12257718294858932,0.08637598901987076,0.18018940091133118,-0.09381341189146042,0.08706251531839371,0.14148682355880737,-0.054424308240413666,0.06365491449832916,0.08259090781211853,-0.018935993313789368,0.021189488470554352,0.06279488652944565,-0.041605398058891296,1392.4932930469513,215.35708212852478
2->512->2->2->1,Tanhshrink,0.272484,0.32709136605262756,0.3405264914035797,-0.013435125350952148,0.2109096348285675,0.3463600277900696,-0.13545039296150208,0.14190486073493958,0.34111568331718445,-0.19921082258224487,0.09730096906423569,0.3404685854911804,-0.24316761642694473,0.08118311315774918,0.16078394651412964,-0.07960083335638046,0.08269292861223221,0.08482727408409119,-0.0021343454718589783,46.165037870407104,27.486876010894775
2->512->4->4->1,Tanhshrink,0.276684,0.27496397495269775,0.34411364793777466,-0.0691496729850769,0.20555049180984497,0.3364120125770569,-0.13086152076721191,0.15778294205665588,0.33094391226768494,-0.17316097021102905,0.12261233478784561,0.29353609681129456,-0.17092376202344894,0.07750774919986725,0.08304602652788162,-0.005538277328014374,0.05596284940838814,0.07680962979793549,-0.020846780389547348,47.775389194488525,28.635565996170044
2->512->8->8->1,Tanhshrink,0.28518,0.29017168283462524,0.33057838678359985,-0.04040670394897461,0.2198593020439148,0.32797056436538696,-0.10811126232147217,0.15538287162780762,0.3303336203098297,-0.1749507486820221,0.136620432138443,0.3194958567619324,-0.18287542462348938,0.06113341078162193,0.07922324538230896,-0.018089834600687027,0.03723299130797386,0.06165536493062973,-0.02442237362265587,48.502394676208496,28.04565691947937
2->512->16->16->1,Tanhshrink,0.302556,0.2638237774372101,0.331655889749527,-0.0678321123123169,0.22432780265808105,0.33000874519348145,-0.10568094253540039,0.18477125465869904,0.3284139633178711,-0.14364270865917206,0.14209382236003876,0.3220706284046173,-0.17997680604457855,0.07079578936100006,0.08245047181844711,-0.011654682457447052,0.03377328813076019,0.06519220769405365,-0.03141891956329346,51.77326512336731,29.34791398048401
2->512->32->32->1,Tanhshrink,0.338844,0.24932295083999634,0.3274006247520447,-0.07807767391204834,0.18084099888801575,0.3339235782623291,-0.15308257937431335,0.16861647367477417,0.3279242217540741,-0.15930774807929993,0.1416282206773758,0.286657452583313,-0.1450292319059372,0.0656246766448021,0.08218220621347427,-0.01655752956867218,0.034032583236694336,0.05852410942316055,-0.024491526186466217,61.66435980796814,30.811443090438843
2->512->64->64->1,Tanhshrink,0.417564,0.22676515579223633,0.33616364002227783,-0.1093984842300415,0.16633668541908264,0.33181676268577576,-0.16548007726669312,0.13377337157726288,0.3263791799545288,-0.19260580837726593,0.12902505695819855,0.32850486040115356,-0.19947980344295502,0.06436845660209656,0.09019863605499268,-0.025830179452896118,0.03363408148288727,0.06799101084470749,-0.03435692936182022,74.41815829277039,34.256129026412964
2->512->128->128->1,Tanhshrink,0.59958,0.25267019867897034,0.33201587200164795,-0.07934567332267761,0.16403858363628387,0.33085471391677856,-0.1668161302804947,0.141525536775589,0.3385220766067505,-0.1969965398311615,0.11564993858337402,0.3307100832462311,-0.21506014466285706,0.07273887097835541,0.3345463275909424,-0.261807456612587,0.029632633551955223,0.32929518818855286,-0.29966255463659763,109.59497475624084,42.45245814323425
2->512->256->256->1,Tanhshrink,1.061916,0.2743784785270691,0.3293662369251251,-0.05498775839805603,0.19347955286502838,0.3298003375530243,-0.1363207846879959,0.12701848149299622,0.3324092626571655,-0.2053907811641693,0.10826221108436584,0.3284183144569397,-0.22015610337257385,0.06746403127908707,0.30989348888397217,-0.2424294576048851,0.02645222656428814,0.08095191419124603,-0.05449968762695789,205.96512985229492,59.96481513977051
2->512->512->512->1,Tanhshrink,2.379804,0.33601704239845276,0.3351263105869293,0.0008907318115234375,0.2249877154827118,0.3284596800804138,-0.10347196459770203,0.151142418384552,0.3308699429035187,-0.17972752451896667,0.11485946178436279,0.3341706693172455,-0.2193112075328827,0.06404680758714676,0.3308194875717163,-0.26677267998456955,0.02951538935303688,0.3315856158733368,-0.3020702265202999,439.66997027397156,98.05601096153259
2->512->1024->1024->1,Tanhshrink,6.588444,0.3390735685825348,0.3292592167854309,0.009814351797103882,0.2958551049232483,0.32786911725997925,-0.03201401233673096,0.19293232262134552,0.334224134683609,-0.1412918120622635,0.13778622448444366,0.3330305814743042,-0.19524435698986053,0.0721360445022583,0.328197181224823,-0.2560611367225647,0.04162856936454773,0.3325332999229431,-0.2909047305583954,1427.9577746391296,239.7429440021515
