Dimensions,Activation,Total Memory Size (MB),NAU Loss @ 25epoch,Baseline Loss @ 25epoch,Loss Diff (NAU-Baseline) @ 25epoch,NAU Loss @ 50epoch,Baseline Loss @ 50epoch,Loss Diff (NAU-Baseline) @ 50epoch,NAU Loss @ 75epoch,Baseline Loss @ 75epoch,Loss Diff (NAU-Baseline) @ 75epoch,NAU Loss @ 100epoch,Baseline Loss @ 100epoch,Loss Diff (NAU-Baseline) @ 100epoch,NAU Loss @ 500epoch,Baseline Loss @ 500epoch,Loss Diff (NAU-Baseline) @ 500epoch,NAU Training Time @ 1000epoch (sec),Baseline Training Time @ 1000epoch (sec)
2->512->2->1,linear,0.272432,0.13548147678375244,0.10319142043590546,0.032290056347846985,0.09153522551059723,0.08595562726259232,0.005579598248004913,0.09764212369918823,0.08337633311748505,0.014265790581703186,0.09496531635522842,0.08402971178293228,0.010935604572296143,0.09619671106338501,0.0847766101360321,0.011420100927352905,31.66454291343689,20.01407814025879
2->512->4->1,linear,0.276552,0.1325681507587433,0.09763504564762115,0.03493310511112213,0.09183529019355774,0.08606268465518951,0.005772605538368225,0.09873273223638535,0.08396324515342712,0.014769487082958221,0.09104601293802261,0.08374762535095215,0.007298387587070465,0.09324856847524643,0.0845019593834877,0.008746609091758728,31.990560054779053,20.078028917312622
2->512->8->1,linear,0.284792,0.18759682774543762,0.09998997300863266,0.08760685473680496,0.09108094125986099,0.08433721959590912,0.006743721663951874,0.09490345418453217,0.0845717191696167,0.010331735014915466,0.09308779239654541,0.0847763642668724,0.008311428129673004,0.10005747526884079,0.08321836590766907,0.016839109361171722,33.623481035232544,20.413466930389404
2->512->16->1,linear,0.301272,0.22666041553020477,0.1083059161901474,0.11835449934005737,0.09764347225427628,0.08608956634998322,0.01155390590429306,0.09778593480587006,0.08436077833175659,0.013425156474113464,0.09991000592708588,0.08370117843151093,0.01620882749557495,0.10479122400283813,0.0845724567770958,0.02021876722574234,35.7124388217926,20.512526750564575
2->512->32->1,linear,0.334232,0.28446945548057556,0.10191900283098221,0.18255045264959335,0.09941592812538147,0.086168572306633,0.013247355818748474,0.10230006277561188,0.0839901939034462,0.01830986887216568,0.09731105715036392,0.08515143394470215,0.012159623205661774,0.10958952456712723,0.08660715073347092,0.02298237383365631,40.627939224243164,21.532102823257446
2->512->64->1,linear,0.400152,0.2181558459997177,0.10689392685890198,0.11126191914081573,0.09927777200937271,0.08592106401920319,0.013356707990169525,0.09856604784727097,0.08523605018854141,0.013329997658729553,0.1047896146774292,0.08371292054653168,0.021076694130897522,0.0981159433722496,0.0836973637342453,0.014418579638004303,50.610552072525024,23.868271112442017
2->512->128->1,linear,0.531992,0.20911327004432678,0.1074916273355484,0.10162164270877838,0.09178352355957031,0.08467324078083038,0.007110282778739929,0.0908823162317276,0.08471985906362534,0.006162457168102264,0.09637479484081268,0.08354327827692032,0.012831516563892365,0.1086416244506836,0.08550936728715897,0.023132257163524628,69.53101968765259,27.092880725860596
2->512->256->1,linear,0.795672,0.19469675421714783,0.10979513078927994,0.08490162342786789,0.09809574484825134,0.08590437471866608,0.012191370129585266,0.10051290690898895,0.08396002650260925,0.0165528804063797,0.10372418165206909,0.08601012080907822,0.017714060842990875,0.10528381913900375,0.08355289697647095,0.021730922162532806,108.54653787612915,34.68007516860962
2->512->512->1,linear,1.323032,0.1569734662771225,0.10374338179826736,0.05323008447885513,0.09091095626354218,0.08660156279802322,0.004309393465518951,0.08712931722402573,0.08317745476961136,0.003951862454414368,0.09353853762149811,0.08259356766939163,0.010944969952106476,0.09928756207227707,0.08396965265274048,0.01531790941953659,192.74774384498596,48.70397710800171
2->512->1024->1,linear,2.377752,0.13832923769950867,0.11172129213809967,0.026607945561408997,0.09846596419811249,0.08583983778953552,0.012626126408576965,0.09316238015890121,0.08489085733890533,0.00827152281999588,0.09632965177297592,0.08442891389131546,0.011900737881660461,0.09574927389621735,0.08421161025762558,0.011537663638591766,369.0823929309845,77.24454188346863
2->512->2->1,GELU,0.272444,0.3022761344909668,0.15854819118976593,0.14372794330120087,0.2647629380226135,0.09185110777616501,0.17291183024644852,0.28003785014152527,0.08422096073627472,0.19581688940525055,0.27804094552993774,0.08502881228923798,0.19301213324069977,0.25852933526039124,0.07307330518960953,0.1854560300707817,32.59506630897522,20.976391315460205
2->512->4->1,GELU,0.276572,0.2183825671672821,0.19546718895435333,0.022915378212928772,0.11962224543094635,0.09985586255788803,0.01976638287305832,0.1012091189622879,0.08604726940393448,0.015161849558353424,0.10647852718830109,0.08547899127006531,0.02099953591823578,0.05526546388864517,0.04683852195739746,0.008426941931247711,33.34039616584778,21.318387985229492
2->512->8->1,GELU,0.284828,0.2124081552028656,0.29644596576690674,-0.08403781056404114,0.16289004683494568,0.1403074562549591,0.022582590579986572,0.15744709968566895,0.0925166979432106,0.06493040174245834,0.13835953176021576,0.08462271839380264,0.053736813366413116,0.06779325008392334,0.025646964088082314,0.042146285995841026,34.86360502243042,21.856242179870605
2->512->16->1,GELU,0.30134,0.23618239164352417,0.13167941570281982,0.10450297594070435,0.1894797384738922,0.08934907615184784,0.10013066232204437,0.16265182197093964,0.08662938326597214,0.0760224387049675,0.14787431061267853,0.08469994366168976,0.06317436695098877,0.09265915304422379,0.038507129997015,0.054152023047208786,37.44112205505371,22.295751333236694
2->512->32->1,GELU,0.334364,0.28522351384162903,0.14162275195121765,0.14360076189041138,0.2423524409532547,0.0933011993765831,0.1490512415766716,0.2195071429014206,0.08575470745563507,0.13375243544578552,0.19167958199977875,0.08581008017063141,0.10586950182914734,0.12026895582675934,0.03741307556629181,0.08285588026046753,42.653700828552246,23.1010160446167
2->512->64->1,GELU,0.400412,0.32358813285827637,0.12113416194915771,0.20245397090911865,0.3015880882740021,0.0899665504693985,0.21162153780460358,0.2768840193748474,0.08789502829313278,0.18898899108171463,0.2236662358045578,0.08421162515878677,0.13945461064577103,0.20296688377857208,0.043230436742305756,0.15973644703626633,53.17556309700012,25.685722827911377
2->512->128->1,GELU,0.532508,0.3045095205307007,0.14369849860668182,0.16081102192401886,0.260202556848526,0.09184637665748596,0.16835618019104004,0.24575679004192352,0.08542156219482422,0.1603352278470993,0.23695921897888184,0.08461010456085205,0.15234911441802979,0.17749625444412231,0.040318187326192856,0.13717806711792946,73.30963683128357,29.755746126174927
2->512->256->1,GELU,0.7967,0.21228274703025818,0.13528580963611603,0.07699693739414215,0.17698818445205688,0.09071044623851776,0.08627773821353912,0.1651948094367981,0.08643586188554764,0.07875894755125046,0.16309335827827454,0.08638474345207214,0.07670861482620239,0.11385992914438248,0.05239657312631607,0.061463356018066406,113.48931574821472,37.98590087890625
2->512->512->1,GELU,1.325084,0.1909959763288498,0.14889878034591675,0.042097195982933044,0.15330585837364197,0.09533601999282837,0.0579698383808136,0.1572357416152954,0.08689363300800323,0.07034210860729218,0.1698979139328003,0.08678772300481796,0.08311019092798233,0.0845431461930275,0.055095769464969635,0.02944737672805786,204.57016015052795,54.141204833984375
2->512->1024->1,GELU,2.381852,0.15618012845516205,0.12928767502307892,0.02689245343208313,0.13361577689647675,0.09142415970563889,0.04219161719083786,0.11172323673963547,0.08850586414337158,0.023217372596263885,0.11943018436431885,0.08581036329269409,0.033619821071624756,0.07130701839923859,0.06101630628108978,0.010290712118148804,374.3912570476532,92.32718801498413
2->512->2->1,ReLU,0.272444,0.1617753654718399,0.3291522264480591,-0.16737686097621918,0.10481519252061844,0.33211153745651245,-0.227296344935894,0.09896856546401978,0.3255214989185333,-0.22655293345451355,0.10052477568387985,0.3271193206310272,-0.22659454494714737,0.07230571657419205,0.3267977237701416,-0.25449200719594955,32.10094690322876,19.65671682357788
2->512->4->1,ReLU,0.276572,0.33458131551742554,0.09120187908411026,0.24337943643331528,0.3378676176071167,0.08443023264408112,0.2534373849630356,0.3316551446914673,0.08140166848897934,0.25025347620248795,0.32703959941864014,0.07733120769262314,0.249708391726017,0.3352298140525818,0.05386734381318092,0.28136247023940086,32.08215379714966,20.247185230255127
2->512->8->1,ReLU,0.284828,0.1833568513393402,0.09311409294605255,0.09024275839328766,0.14590933918952942,0.0875718742609024,0.058337464928627014,0.14246980845928192,0.08556005358695984,0.05690975487232208,0.12286271154880524,0.08395592868328094,0.03890678286552429,0.051222242414951324,0.050098635256290436,0.0011236071586608887,34.13040590286255,20.842119216918945
2->512->16->1,ReLU,0.30134,0.19010783731937408,0.17415851354599,0.015949323773384094,0.16311036050319672,0.10759922116994858,0.05551113933324814,0.1556674987077713,0.09474565833806992,0.060921840369701385,0.14322765171527863,0.08835262805223465,0.054875023663043976,0.05639208108186722,0.051037803292274475,0.005354277789592743,36.2179639339447,21.0657799243927
2->512->32->1,ReLU,0.334364,0.2585257589817047,0.1072365790605545,0.1512891799211502,0.2488475888967514,0.08986978232860565,0.15897780656814575,0.25249895453453064,0.08648544549942017,0.16601350903511047,0.20893779397010803,0.08617448806762695,0.12276330590248108,0.11111167073249817,0.040833309292793274,0.0702783614397049,40.965304136276245,21.90208387374878
2->512->64->1,ReLU,0.400412,0.2726582884788513,0.12964576482772827,0.14301252365112305,0.2707640528678894,0.09339593350887299,0.17736811935901642,0.27007821202278137,0.08737072348594666,0.18270748853683472,0.27790600061416626,0.08611742407083511,0.19178857654333115,0.1971161663532257,0.04727158695459366,0.14984457939863205,51.42530298233032,24.394010066986084
2->512->128->1,ReLU,0.532508,0.27461108565330505,0.1189747229218483,0.15563636273145676,0.2638399302959442,0.09254664182662964,0.17129328846931458,0.2579364776611328,0.08770701289176941,0.1702294647693634,0.2562383711338043,0.08563166856765747,0.17060670256614685,0.20710158348083496,0.04795094206929207,0.1591506414115429,70.50396585464478,28.033933877944946
2->512->256->1,ReLU,0.7967,0.23699675500392914,0.16360217332839966,0.07339458167552948,0.23292365670204163,0.10545328259468079,0.12747037410736084,0.21952681243419647,0.09192823618650436,0.1275985762476921,0.21366028487682343,0.08873317390680313,0.1249271109700203,0.15285691618919373,0.04785362631082535,0.10500328987836838,109.32729434967041,35.94945406913757
2->512->512->1,ReLU,1.325084,0.24771472811698914,0.12502744793891907,0.12268728017807007,0.21952024102210999,0.09480340778827667,0.12471683323383331,0.21667499840259552,0.08945702016353607,0.12721797823905945,0.1991972029209137,0.08654923737049103,0.11264796555042267,0.13006137311458588,0.05297825112938881,0.07708312198519707,192.36918878555298,50.08830904960632
2->512->1024->1,ReLU,2.381852,0.20756743848323822,0.12975595891475677,0.07781147956848145,0.20097404718399048,0.09250354766845703,0.10847049951553345,0.17672398686408997,0.08822553604841232,0.08849845081567764,0.14550159871578217,0.08761969208717346,0.057881906628608704,0.09213927388191223,0.06083638593554497,0.031302887946367264,370.2767198085785,78.81289505958557
2->512->2->1,Sigmoid,0.272444,0.07943049818277359,0.08454181998968124,-0.005111321806907654,0.08143097162246704,0.08498942852020264,-0.0035584568977355957,0.08104488253593445,0.08608510345220566,-0.00504022091627121,0.08519971370697021,0.0849645808339119,0.0002351328730583191,0.07772114872932434,0.08008874207735062,-0.0023675933480262756,32.17270493507385,20.820843935012817
2->512->4->1,Sigmoid,0.276572,0.08447877317667007,0.08263826370239258,0.0018405094742774963,0.08500154316425323,0.084437295794487,0.0005642473697662354,0.08375755697488785,0.08373863995075226,1.89170241355896e-05,0.08213869482278824,0.08373044431209564,-0.0015917494893074036,0.06796577572822571,0.08286605030298233,-0.014900274574756622,33.18294715881348,21.017186880111694
2->512->8->1,Sigmoid,0.284828,0.08670895546674728,0.097620889544487,-0.010911934077739716,0.0902787297964096,0.09153781831264496,-0.0012590885162353516,0.09194572269916534,0.09122872352600098,0.0007169991731643677,0.08432292938232422,0.0880199745297432,-0.003697045147418976,0.0670783668756485,0.07981055974960327,-0.012732192873954773,34.479756116867065,21.53851294517517
2->512->16->1,Sigmoid,0.30134,0.09583228826522827,0.08806043118238449,0.0077718570828437805,0.08865246176719666,0.08593510836362839,0.002717353403568268,0.08078061044216156,0.08475632220506668,-0.003975711762905121,0.07976914942264557,0.08467783033847809,-0.0049086809158325195,0.06161715090274811,0.08368539065122604,-0.022068239748477936,37.01741170883179,21.78860592842102
2->512->32->1,Sigmoid,0.334364,0.0944480374455452,0.08413790166378021,0.010310135781764984,0.0909067839384079,0.08422719687223434,0.0066795870661735535,0.08398594707250595,0.08364909887313843,0.0003368481993675232,0.08205485343933105,0.08410441875457764,-0.002049565315246582,0.07661172747612,0.08395111560821533,-0.007339388132095337,41.88990616798401,22.79033398628235
2->512->64->1,Sigmoid,0.400412,0.09187768399715424,0.08600457012653351,0.0058731138706207275,0.08623965084552765,0.08415225148200989,0.0020873993635177612,0.0748491957783699,0.08387544006109238,-0.009026244282722473,0.07610929757356644,0.08309371769428253,-0.006984420120716095,0.0748966783285141,0.08228028565645218,-0.00738360732793808,55.44822669029236,25.99386191368103
2->512->128->1,Sigmoid,0.532508,0.08785697817802429,0.08849827200174332,-0.0006412938237190247,0.08638899028301239,0.08551207184791565,0.0008769184350967407,0.08554825931787491,0.08368346095085144,0.001864798367023468,0.08338293433189392,0.08542253822088242,-0.002039603888988495,0.08589912205934525,0.0841224193572998,0.0017767027020454407,72.68470311164856,33.792860984802246
2->512->256->1,Sigmoid,0.7967,0.09292171895503998,0.08425015211105347,0.008671566843986511,0.0774720162153244,0.08285364508628845,-0.00538162887096405,0.08630207180976868,0.0836428701877594,0.0026592016220092773,0.08445188403129578,0.08426469564437866,0.00018718838691711426,0.08242249488830566,0.08395247906446457,-0.001529984176158905,110.454763174057,36.1677622795105
2->512->512->1,Sigmoid,1.325084,0.09457097202539444,0.08688298612833023,0.007687985897064209,0.08934029936790466,0.08473461866378784,0.004605680704116821,0.08764790743589401,0.08324061334133148,0.0044072940945625305,0.08175359666347504,0.08358930796384811,-0.0018357113003730774,0.07885480672121048,0.08355757594108582,-0.004702769219875336,194.49238300323486,51.29397201538086
2->512->1024->1,Sigmoid,2.381852,0.08210107684135437,0.08519050478935242,-0.003089427947998047,0.08563827723264694,0.08450353145599365,0.0011347457766532898,0.08270065486431122,0.08366739004850388,-0.0009667351841926575,0.08028174936771393,0.08393338322639465,-0.003651633858680725,0.07901985943317413,0.0826515406370163,-0.003631681203842163,364.93432903289795,83.31458711624146
2->512->2->1,ELU,0.272444,0.10732418298721313,0.20596610009670258,-0.09864191710948944,0.09039038419723511,0.0902409479022026,0.00014943629503250122,0.08961773663759232,0.0852765217423439,0.004341214895248413,0.08598169684410095,0.08398623764514923,0.001995459198951721,0.07450416684150696,0.06440180540084839,0.01010236144065857,31.858522176742554,20.272231101989746
2->512->4->1,ELU,0.276572,0.12124234437942505,0.09030966460704803,0.030932679772377014,0.09760172665119171,0.08521563559770584,0.01238609105348587,0.0979086309671402,0.08549902588129044,0.012409605085849762,0.09400918334722519,0.08349085599184036,0.010518327355384827,0.05699671432375908,0.06358742713928223,-0.006590712815523148,32.52653193473816,20.51411771774292
2->512->8->1,ELU,0.284828,0.176449716091156,0.11706926673650742,0.05938044935464859,0.12590433657169342,0.08707994222640991,0.03882439434528351,0.114719457924366,0.08422132581472397,0.03049813210964203,0.11574523895978928,0.08597257733345032,0.02977266162633896,0.07131213694810867,0.05147860199213028,0.019833534955978394,34.012200117111206,21.029738903045654
2->512->16->1,ELU,0.30134,0.21288852393627167,0.10154678672552109,0.11134173721075058,0.16741538047790527,0.08394638448953629,0.08346899598836899,0.14954827725887299,0.08459015935659409,0.0649581179022789,0.15039119124412537,0.08406202495098114,0.06632916629314423,0.0701751559972763,0.07000038027763367,0.00017477571964263916,36.29597783088684,21.102365016937256
2->512->32->1,ELU,0.334364,0.2605496346950531,0.09905701130628586,0.16149262338876724,0.20038022100925446,0.08596853166818619,0.11441168934106827,0.1769164800643921,0.0848512351512909,0.0920652449131012,0.18105098605155945,0.08390382677316666,0.09714715927839279,0.09337381273508072,0.07880889624357224,0.014564916491508484,41.182552099227905,22.033438205718994
2->512->64->1,ELU,0.400412,0.2438497543334961,0.09762125462293625,0.14622849971055984,0.18621157109737396,0.08579924702644348,0.10041232407093048,0.16283009946346283,0.08410714566707611,0.07872295379638672,0.18112021684646606,0.08427831530570984,0.09684190154075623,0.11176919937133789,0.08094073832035065,0.030828461050987244,53.01886010169983,24.804406881332397
2->512->128->1,ELU,0.532508,0.22269682586193085,0.10553325712680817,0.11716356873512268,0.15306444466114044,0.08488079905509949,0.06818364560604095,0.15572106838226318,0.0851559266448021,0.07056514173746109,0.15935255587100983,0.08586129546165466,0.07349126040935516,0.11277483403682709,0.07889041304588318,0.03388442099094391,72.95498204231262,29.152961015701294
2->512->256->1,ELU,0.7967,0.1619272530078888,0.11115758121013641,0.05076967179775238,0.1446172446012497,0.08771997690200806,0.05689726769924164,0.147465780377388,0.08415936678647995,0.06330641359090805,0.1520000398159027,0.08348066359758377,0.06851937621831894,0.10908792167901993,0.07965752482414246,0.029430396854877472,113.88912200927734,37.48876595497131
2->512->512->1,ELU,1.325084,0.17326010763645172,0.10160113126039505,0.07165897637605667,0.12879803776741028,0.08647923916578293,0.04231879860162735,0.11778557300567627,0.08372483402490616,0.03406073898077011,0.12453346699476242,0.0844021737575531,0.04013129323720932,0.10597983002662659,0.08047953993082047,0.025500290095806122,200.4222252368927,53.17689895629883
2->512->1024->1,ELU,2.381852,0.14254504442214966,0.10941271483898163,0.03313232958316803,0.11295647919178009,0.08677366375923157,0.026182815432548523,0.11417071521282196,0.08525420725345612,0.028916507959365845,0.11852440237998962,0.08561721444129944,0.032907187938690186,0.09861880540847778,0.08188316226005554,0.01673564314842224,374.3532450199127,87.88312411308289
2->512->2->1,Tanh,0.272444,0.09168487787246704,0.08855631202459335,0.0031285658478736877,0.08138217777013779,0.08489521592855453,-0.003513038158416748,0.07959381490945816,0.08348197489976883,-0.003888159990310669,0.08343102037906647,0.08344336599111557,-1.2345612049102783e-05,0.064223513007164,0.07476453483104706,-0.010541021823883057,31.97002387046814,20.333895921707153
2->512->4->1,Tanh,0.276572,0.12199576944112778,0.09166819602251053,0.03032757341861725,0.0866607278585434,0.08556079864501953,0.0010999292135238647,0.08282091468572617,0.08483491837978363,-0.0020140036940574646,0.08349940180778503,0.084726981818676,-0.0012275800108909607,0.04999791458249092,0.051969319581985474,-0.0019714049994945526,32.53534984588623,20.402701139450073
2->512->8->1,Tanh,0.284828,0.11918612569570541,0.1069108173251152,0.01227530837059021,0.10726015269756317,0.08730389177799225,0.019956260919570923,0.10492587089538574,0.0848412811756134,0.02008458971977234,0.09225478023290634,0.08488354831933975,0.007371231913566589,0.04558360204100609,0.04745092615485191,-0.0018673241138458252,34.269453048706055,20.989858865737915
2->512->16->1,Tanh,0.30134,0.13302946090698242,0.12474914640188217,0.00828031450510025,0.10550291836261749,0.09068488329648972,0.014818035066127777,0.10653942823410034,0.08477296680212021,0.021766461431980133,0.10159571468830109,0.08503694832324982,0.01655876636505127,0.04744350537657738,0.05655037239193916,-0.009106867015361786,36.46275591850281,21.154669046401978
2->512->32->1,Tanh,0.334364,0.17047226428985596,0.13778558373451233,0.03268668055534363,0.13016554713249207,0.0904795303940773,0.039686016738414764,0.12828077375888824,0.08556918054819107,0.042711593210697174,0.1283591240644455,0.08426370471715927,0.044095419347286224,0.07705538719892502,0.06768406182527542,0.009371325373649597,41.41069293022156,22.515612840652466
2->512->64->1,Tanh,0.400412,0.15416088700294495,0.11607398837804794,0.038086898624897,0.1189764142036438,0.08773408830165863,0.03124232590198517,0.12303189188241959,0.08644913882017136,0.03658275306224823,0.12577834725379944,0.08499448746442795,0.04078385978937149,0.06858456879854202,0.07732322067022324,-0.008738651871681213,52.150765895843506,24.950884103775024
2->512->128->1,Tanh,0.532508,0.13978853821754456,0.1059957817196846,0.033792756497859955,0.1147560328245163,0.08809571713209152,0.026660315692424774,0.10907415300607681,0.08499462902545929,0.024079523980617523,0.10645584017038345,0.08307874202728271,0.02337709814310074,0.07328397035598755,0.07904352992773056,-0.0057595595717430115,71.66917204856873,29.153350353240967
2->512->256->1,Tanh,0.7967,0.1476668268442154,0.10817693173885345,0.03948989510536194,0.10538669675588608,0.08641844987869263,0.01896824687719345,0.10754050314426422,0.08471614122390747,0.02282436192035675,0.11494779586791992,0.08415994793176651,0.030787847936153412,0.07821720838546753,0.07882598042488098,-0.0006087720394134521,111.51929020881653,38.22464466094971
2->512->512->1,Tanh,1.325084,0.13214676082134247,0.11084415763616562,0.02130260318517685,0.10611289739608765,0.08678095042705536,0.019331946969032288,0.10787643492221832,0.08404195308685303,0.023834481835365295,0.10450288653373718,0.0832250788807869,0.021277807652950287,0.08535317331552505,0.0810704156756401,0.004282757639884949,198.09044885635376,54.57184886932373
2->512->1024->1,Tanh,2.381852,0.13393747806549072,0.11380331963300705,0.020134158432483673,0.10152626037597656,0.08748194575309753,0.014044314622879028,0.09616266191005707,0.0841173604130745,0.012045301496982574,0.09607886523008347,0.08408044278621674,0.01199842244386673,0.07893716543912888,0.08118904381990433,-0.0022518783807754517,399.8859281539917,89.68110990524292
2->512->2->1,ReLU6,0.272444,0.19214357435703278,0.3140382170677185,-0.12189464271068573,0.16266566514968872,0.3095569610595703,-0.1468912959098816,0.15323218703269958,0.31042593717575073,-0.15719375014305115,0.12548069655895233,0.31219151616096497,-0.18671081960201263,0.10470269620418549,0.30838698148727417,-0.20368428528308868,32.500022172927856,26.371288061141968
2->512->4->1,ReLU6,0.276572,0.2293628454208374,0.16211988031864166,0.06724296510219574,0.17650257050991058,0.10505595058202744,0.07144661992788315,0.14840076863765717,0.08889114111661911,0.059509627521038055,0.12767590582370758,0.0859374925494194,0.04173841327428818,0.0958326980471611,0.06288833171129227,0.032944366335868835,33.415563106536865,21.030212879180908
2->512->8->1,ReLU6,0.284828,0.15017040073871613,0.11031162738800049,0.03985877335071564,0.12119883298873901,0.08837185055017471,0.0328269824385643,0.12033123522996902,0.08643612265586853,0.033895112574100494,0.11166733503341675,0.08415158838033676,0.027515746653079987,0.04370870441198349,0.04874031990766525,-0.005031615495681763,34.67670702934265,21.65902280807495
2->512->16->1,ReLU6,0.30134,0.23720881342887878,0.2968580424785614,-0.05964922904968262,0.19106294214725494,0.2078540027141571,-0.01679106056690216,0.15741880238056183,0.1393766701221466,0.018042132258415222,0.15869250893592834,0.10639870166778564,0.0522938072681427,0.054933369159698486,0.04527859762310982,0.009654771536588669,42.46990084648132,22.464126110076904
2->512->32->1,ReLU6,0.334364,0.2545766532421112,0.3044883608818054,-0.049911707639694214,0.21909797191619873,0.2260119765996933,-0.006914004683494568,0.20369943976402283,0.13890178501605988,0.06479765474796295,0.21374979615211487,0.10243751108646393,0.11131228506565094,0.10453098267316818,0.05179267376661301,0.052738308906555176,54.16220211982727,25.190434217453003
2->512->64->1,ReLU6,0.400412,0.2875644266605377,0.16447865962982178,0.12308576703071594,0.26354652643203735,0.10188265144824982,0.16166387498378754,0.21334685385227203,0.0904846265912056,0.12286222726106644,0.2147020399570465,0.08774848282337189,0.12695355713367462,0.14448004961013794,0.0473061203956604,0.09717392921447754,51.34627318382263,24.632208108901978
2->512->128->1,ReLU6,0.532508,0.2613142728805542,0.10827580839395523,0.15303846448659897,0.283575177192688,0.0900987833738327,0.19347639381885529,0.25049570202827454,0.08972965180873871,0.16076605021953583,0.2397984266281128,0.08740950375795364,0.15238892287015915,0.1587478667497635,0.046921536326408386,0.1118263304233551,70.59966683387756,28.23194909095764
2->512->256->1,ReLU6,0.7967,0.2391051948070526,0.12692873179912567,0.11217646300792694,0.21303316950798035,0.09268180280923843,0.12035136669874191,0.20383818447589874,0.0878245159983635,0.11601366847753525,0.19911566376686096,0.08587084710597992,0.11324481666088104,0.14354844391345978,0.054180365055799484,0.0893680788576603,109.21653079986572,38.18616962432861
2->512->512->1,ReLU6,1.325084,0.28629270195961,0.3234942555427551,-0.03720155358314514,0.26457005739212036,0.27339306473731995,-0.008823007345199585,0.26338788866996765,0.19528570771217346,0.06810218095779419,0.2204320877790451,0.13327057659626007,0.08716151118278503,0.16359998285770416,0.060059476643800735,0.10354050621390343,201.9412431716919,50.16984701156616
2->512->1024->1,ReLU6,2.381852,0.21990005671977997,0.12501496076583862,0.09488509595394135,0.19562920928001404,0.0931529700756073,0.10247623920440674,0.20403330028057098,0.08636138588190079,0.1176719143986702,0.16972370445728302,0.08553631603717804,0.08418738842010498,0.09718544781208038,0.06296484917402267,0.03422059863805771,370.312518119812,78.90445065498352
2->512->2->1,LeakyReLU,0.272444,0.2141018807888031,0.12408989667892456,0.09001198410987854,0.17795391380786896,0.09269750863313675,0.08525640517473221,0.15465104579925537,0.08760703355073929,0.06704401224851608,0.1300828456878662,0.08555799722671509,0.04452484846115112,0.10358210653066635,0.06251385062932968,0.04106825590133667,31.910812854766846,20.393402099609375
2->512->4->1,LeakyReLU,0.276572,0.16005615890026093,0.10037966817617416,0.05967649072408676,0.09920202195644379,0.09210143238306046,0.007100589573383331,0.09258955717086792,0.08817955106496811,0.004410006105899811,0.08852223306894302,0.08558376133441925,0.002938471734523773,0.05507748946547508,0.06518252938985825,-0.010105039924383163,32.54104518890381,20.470073699951172
2->512->8->1,LeakyReLU,0.284828,0.20794503390789032,0.12168741226196289,0.08625762164592743,0.1439070701599121,0.09174221009016037,0.05216486006975174,0.12900570034980774,0.08456696569919586,0.04443873465061188,0.12324784696102142,0.08452053368091583,0.03872731328010559,0.0701054111123085,0.0746455267071724,-0.004540115594863892,34.017143964767456,21.10784101486206
2->512->16->1,LeakyReLU,0.30134,0.2556563913822174,0.19215525686740875,0.06350113451480865,0.22201785445213318,0.11052152514457703,0.11149632930755615,0.21580155193805695,0.09293033182621002,0.12287122011184692,0.18881213665008545,0.08499319851398468,0.10381893813610077,0.07518209517002106,0.04351601377129555,0.03166608139872551,36.23838996887207,21.111445903778076
2->512->32->1,LeakyReLU,0.334364,0.22979038953781128,0.15243549644947052,0.07735489308834076,0.2405562400817871,0.09886547923088074,0.14169076085090637,0.21451926231384277,0.08773046731948853,0.12678879499435425,0.21202029287815094,0.08526086807250977,0.12675942480564117,0.10080663114786148,0.039285190403461456,0.061521440744400024,40.989339113235474,22.061678886413574
2->512->64->1,LeakyReLU,0.400412,0.2664015293121338,0.11526033282279968,0.1511411964893341,0.27038028836250305,0.09221296012401581,0.17816732823848724,0.26935282349586487,0.08846531063318253,0.18088751286268234,0.23757915198802948,0.08577847480773926,0.15180067718029022,0.1699499636888504,0.04514990746974945,0.12480005621910095,51.46170425415039,24.518137216567993
2->512->128->1,LeakyReLU,0.532508,0.273456871509552,0.1747284233570099,0.09872844815254211,0.24508391320705414,0.10547541826963425,0.1396084949374199,0.22482065856456757,0.09122633188962936,0.1335943266749382,0.20883947610855103,0.08740108460187912,0.1214383915066719,0.11174371838569641,0.04768257215619087,0.06406114622950554,70.71239376068115,28.011276960372925
2->512->256->1,LeakyReLU,0.7967,0.25168371200561523,0.15464162826538086,0.09704208374023438,0.24535585939884186,0.09885451197624207,0.1465013474225998,0.23499932885169983,0.09181508421897888,0.14318424463272095,0.2050032913684845,0.08835738152265549,0.11664590984582901,0.14480456709861755,0.0523129403591156,0.09249162673950195,109.81585597991943,35.7692768573761
2->512->512->1,LeakyReLU,1.325084,0.22584353387355804,0.14703674614429474,0.0788067877292633,0.21127504110336304,0.09583737701177597,0.11543766409158707,0.20631259679794312,0.08875896781682968,0.11755362898111343,0.1790657490491867,0.08667196333408356,0.09239378571510315,0.11061617732048035,0.056645844131708145,0.0539703331887722,193.09460878372192,50.0127739906311
2->512->1024->1,LeakyReLU,2.381852,0.20075324177742004,0.1251346915960312,0.07561855018138885,0.1533874124288559,0.09207184612751007,0.061315566301345825,0.15075671672821045,0.08861937373876572,0.06213734298944473,0.15114064514636993,0.08660781383514404,0.06453283131122589,0.08578819036483765,0.06227056682109833,0.02351762354373932,364.606308221817,79.08773899078369
2->512->2->1,RandReLU,0.272444,0.1931687295436859,0.10506381094455719,0.08810491859912872,0.1200706958770752,0.0975392758846283,0.0225314199924469,0.09793118387460709,0.09280921518802643,0.005121968686580658,0.09273339807987213,0.08916381001472473,0.0035695880651474,0.09314257651567459,0.08456633239984512,0.008576244115829468,32.32296705245972,20.84430193901062
2->512->4->1,RandReLU,0.276572,0.12962806224822998,0.40834173560142517,-0.2787136733531952,0.0911964625120163,0.36009350419044495,-0.26889704167842865,0.08549322187900543,0.24569207429885864,-0.1601988524198532,0.09525845944881439,0.14856499433517456,-0.05330653488636017,0.06475105881690979,0.10794170200824738,-0.043190643191337585,32.996156215667725,21.043785095214844
2->512->8->1,RandReLU,0.284828,0.12802737951278687,0.10674305260181427,0.021284326910972595,0.11246220767498016,0.08773182332515717,0.024730384349822998,0.10117453336715698,0.08567311614751816,0.015501417219638824,0.0974341630935669,0.08530165255069733,0.012132510542869568,0.05947704240679741,0.052602194249629974,0.006874848157167435,34.80441999435425,21.515716075897217
2->512->16->1,RandReLU,0.30134,0.18404340744018555,0.1538260579109192,0.030217349529266357,0.12837691605091095,0.09039574861526489,0.03798116743564606,0.11981718242168427,0.08528951555490494,0.03452766686677933,0.11659440398216248,0.08492539823055267,0.0316690057516098,0.055902525782585144,0.05581863224506378,8.38935375213623e-05,37.114707946777344,21.78763723373413
2->512->32->1,RandReLU,0.334364,0.2204750031232834,0.10692934691905975,0.11354565620422363,0.16256320476531982,0.08863679319620132,0.0739264115691185,0.15872839093208313,0.08711067587137222,0.07161771506071091,0.17594219744205475,0.08400119096040726,0.09194100648164749,0.08938618004322052,0.05101184546947479,0.03837433457374573,42.287639141082764,23.060513019561768
2->512->64->1,RandReLU,0.400412,0.20075109601020813,0.1039874330163002,0.09676366299390793,0.15922972559928894,0.08854425698518753,0.07068546861410141,0.17310796678066254,0.08701895922422409,0.08608900755643845,0.15285471081733704,0.0867561399936676,0.06609857082366943,0.09146378189325333,0.06014126539230347,0.03132251650094986,53.695237159729004,25.918591022491455
2->512->128->1,RandReLU,0.532508,0.1903207153081894,0.12397310137748718,0.06634761393070221,0.16494089365005493,0.0887262374162674,0.07621465623378754,0.1648106873035431,0.08695213496685028,0.07785855233669281,0.14619077742099762,0.08714783191680908,0.05904294550418854,0.11789436638355255,0.06100442633032799,0.056889940053224564,73.59114217758179,30.738909244537354
2->512->256->1,RandReLU,0.7967,0.1969912052154541,0.11586540192365646,0.08112580329179764,0.15004079043865204,0.08974850177764893,0.06029228866100311,0.1469365507364273,0.08627549558877945,0.06066105514764786,0.1443357616662979,0.08589071035385132,0.058445051312446594,0.1135401725769043,0.0683060884475708,0.045234084129333496,114.80212187767029,40.70681190490723
2->512->512->1,RandReLU,1.325084,0.19928953051567078,0.14832623302936554,0.05096329748630524,0.1408476084470749,0.0898674875497818,0.05098012089729309,0.15150117874145508,0.08616981655359268,0.0653313621878624,0.13415418565273285,0.08583089709281921,0.048323288559913635,0.09771160781383514,0.07078920304775238,0.026922404766082764,216.64991307258606,64.77037405967712
2->512->1024->1,RandReLU,2.381852,0.15625301003456116,0.10681284964084625,0.049440160393714905,0.1314869523048401,0.08833514153957367,0.04315181076526642,0.11750942468643188,0.08596202731132507,0.03154739737510681,0.11435221135616302,0.08574753254652023,0.028604678809642792,0.0870051234960556,0.0708598718047142,0.0161452516913414,379.0280420780182,96.38784384727478
2->512->2->1,SELU,0.272444,0.1286182701587677,0.09287484735250473,0.03574342280626297,0.09283863753080368,0.08530223369598389,0.007536403834819794,0.09652173519134521,0.08468230068683624,0.011839434504508972,0.08716725558042526,0.08605121076107025,0.001116044819355011,0.07702657580375671,0.08127978444099426,-0.004253208637237549,31.773865938186646,20.305009126663208
2->512->4->1,SELU,0.276572,0.12433404475450516,0.09661933779716492,0.02771470695734024,0.09157311916351318,0.08476275205612183,0.006810367107391357,0.09219204634428024,0.08537299931049347,0.006819047033786774,0.09097999334335327,0.08357139676809311,0.007408596575260162,0.08509019762277603,0.06958471983671188,0.015505477786064148,34.49608397483826,20.57407283782959
2->512->8->1,SELU,0.284828,0.2096051573753357,0.11205130815505981,0.09755384922027588,0.13368767499923706,0.0861010029911995,0.04758667200803757,0.12473493069410324,0.08558953553438187,0.039145395159721375,0.1279052495956421,0.0861152708530426,0.04178997874259949,0.08482624590396881,0.07182418555021286,0.013002060353755951,34.06065106391907,20.901970863342285
2->512->16->1,SELU,0.30134,0.2460366189479828,0.1276148557662964,0.1184217631816864,0.1590976119041443,0.08755584806203842,0.07154176384210587,0.1586649864912033,0.08577664196491241,0.0728883445262909,0.15657413005828857,0.08464594185352325,0.07192818820476532,0.09196940064430237,0.07616493105888367,0.0158044695854187,36.207045793533325,21.076075077056885
2->512->32->1,SELU,0.334364,0.25163617730140686,0.11583629250526428,0.13579988479614258,0.19040372967720032,0.08772630989551544,0.10267741978168488,0.1866571307182312,0.0855553150177002,0.101101815700531,0.16621658205986023,0.0855230987071991,0.08069348335266113,0.1065048947930336,0.07931490987539291,0.027189984917640686,41.11909580230713,22.03711485862732
2->512->64->1,SELU,0.400412,0.24387460947036743,0.10745693743228912,0.1364176720380783,0.18244868516921997,0.08581642061471939,0.09663226455450058,0.16684764623641968,0.08498908579349518,0.0818585604429245,0.183292418718338,0.08467201888561249,0.09862039983272552,0.1035589873790741,0.07832150906324387,0.02523747831583023,51.98945093154907,24.63361096382141
2->512->128->1,SELU,0.532508,0.23140642046928406,0.1129627376794815,0.11844368278980255,0.1924736201763153,0.08801352977752686,0.10446009039878845,0.18219995498657227,0.086564801633358,0.09563515335321426,0.17575126886367798,0.08632588386535645,0.08942538499832153,0.11776543408632278,0.08111247420310974,0.03665295988321304,70.79058504104614,28.40613102912903
2->512->256->1,SELU,0.7967,0.23485955595970154,0.11731711775064468,0.11754243820905685,0.1483529806137085,0.08929833769798279,0.05905464291572571,0.17304712533950806,0.08473515510559082,0.08831197023391724,0.15266427397727966,0.08533893525600433,0.06732533872127533,0.13633550703525543,0.080979123711586,0.055356383323669434,110.15847706794739,36.274965047836304
2->512->512->1,SELU,1.325084,0.17912283539772034,0.11596684157848358,0.06315599381923676,0.12227945029735565,0.08572718501091003,0.03655226528644562,0.12023793160915375,0.083802729845047,0.03643520176410675,0.12070025503635406,0.08458753675222397,0.036112718284130096,0.11302025616168976,0.08162714540958405,0.03139311075210571,193.61676597595215,51.19839692115784
2->512->1024->1,SELU,2.381852,0.13320302963256836,0.11200684309005737,0.021196186542510986,0.11609939485788345,0.08893665671348572,0.027162738144397736,0.11043485999107361,0.08572030812501907,0.024714551866054535,0.11968876421451569,0.08571571856737137,0.03397304564714432,0.09014865756034851,0.08192706853151321,0.008221589028835297,364.9909782409668,81.50997686386108
2->512->2->1,CELU,0.272444,0.11565251648426056,0.10748782753944397,0.00816468894481659,0.0964578166604042,0.08464936912059784,0.011808447539806366,0.09589366614818573,0.08387254178524017,0.012021124362945557,0.08878150582313538,0.08513907343149185,0.003642432391643524,0.08850201219320297,0.08038908243179321,0.00811292976140976,31.940068006515503,20.320374011993408
2->512->4->1,CELU,0.276572,0.11888210475444794,0.09243199974298477,0.026450105011463165,0.09479027986526489,0.0852760598063469,0.009514220058918,0.09495570510625839,0.08439143747091293,0.010564267635345459,0.09588414430618286,0.08495999127626419,0.01092415302991867,0.050784170627593994,0.05917110666632652,-0.008386936038732529,32.30359411239624,20.694071769714355
2->512->8->1,CELU,0.284828,0.16720572113990784,0.09524533897638321,0.07196038216352463,0.13256290555000305,0.08383305370807648,0.048729851841926575,0.10958562791347504,0.08523312211036682,0.024352505803108215,0.12212251126766205,0.08498057723045349,0.03714193403720856,0.043480344116687775,0.060533732175827026,-0.01705338805913925,34.42093300819397,20.852992057800293
2->512->16->1,CELU,0.30134,0.21931609511375427,0.10535599291324615,0.11396010220050812,0.15557771921157837,0.08607742190361023,0.06950029730796814,0.13352714478969574,0.08554673194885254,0.0479804128408432,0.14522865414619446,0.08475743979215622,0.06047121435403824,0.07385335862636566,0.04904220998287201,0.024811148643493652,36.1062068939209,21.216973066329956
2->512->32->1,CELU,0.334364,0.31124448776245117,0.11121866106987,0.20002582669258118,0.18141087889671326,0.08695301413536072,0.09445786476135254,0.1779743731021881,0.08515679836273193,0.09281757473945618,0.1724758744239807,0.08537273854017258,0.08710313588380814,0.10708411037921906,0.07306849211454391,0.03401561826467514,40.99498176574707,22.371774911880493
2->512->64->1,CELU,0.400412,0.22668081521987915,0.11340917646884918,0.11327163875102997,0.1722792088985443,0.08761091530323029,0.08466829359531403,0.18663384020328522,0.08492808789014816,0.10170575231313705,0.1742052584886551,0.08477294445037842,0.08943231403827667,0.10648435354232788,0.07388286292552948,0.0326014906167984,51.64930987358093,24.716774940490723
2->512->128->1,CELU,0.532508,0.21995441615581512,0.11113227158784866,0.10882214456796646,0.169415682554245,0.08589182794094086,0.08352385461330414,0.15570031106472015,0.08513851463794708,0.07056179642677307,0.15431973338127136,0.08529536426067352,0.06902436912059784,0.12385760992765427,0.08015558123588562,0.043702028691768646,70.5728759765625,28.534548044204712
2->512->256->1,CELU,0.7967,0.20369067788124084,0.10300558060407639,0.10068509727716446,0.15403597056865692,0.08548761904239655,0.06854835152626038,0.1562664955854416,0.08587837219238281,0.07038812339305878,0.15054765343666077,0.0843585878610611,0.06618906557559967,0.13052447140216827,0.07891355454921722,0.05161091685295105,110.58610820770264,37.026899099349976
2->512->512->1,CELU,1.325084,0.1821819245815277,0.11701924353837967,0.06516268104314804,0.12642423808574677,0.08856716006994247,0.03785707801580429,0.11930125206708908,0.08445887267589569,0.03484237939119339,0.13015145063400269,0.08447711169719696,0.045674338936805725,0.09609562158584595,0.07964169979095459,0.016453921794891357,194.79629611968994,52.20634913444519
2->512->1024->1,CELU,2.381852,0.13555064797401428,0.10592479258775711,0.02962585538625717,0.12277255952358246,0.08640366792678833,0.03636889159679413,0.1259564608335495,0.08499664068222046,0.04095982015132904,0.11155231297016144,0.08558988571166992,0.025962427258491516,0.09703846275806427,0.08139985799789429,0.015638604760169983,363.54525995254517,83.22719287872314
2->512->2->1,Softplus,0.272444,0.09325027465820312,0.17962808907032013,-0.086377814412117,0.08158983290195465,0.1469152867794037,-0.06532545387744904,0.08907318860292435,0.13810181617736816,-0.04902862757444382,0.08587378263473511,0.12990663945674896,-0.044032856822013855,0.06425092369318008,0.11300747841596603,-0.04875655472278595,31.939625024795532,20.248908042907715
2->512->4->1,Softplus,0.276572,0.08973870426416397,0.1114058792591095,-0.021667174994945526,0.08009891957044601,0.09217769652605057,-0.012078776955604553,0.08655138313770294,0.08494481444358826,0.001606568694114685,0.08138229697942734,0.08372506499290466,-0.0023427680134773254,0.03260615095496178,0.07958700507879257,-0.046980854123830795,33.63847589492798,20.38739514350891
2->512->8->1,Softplus,0.284828,0.13567717373371124,0.12059327214956284,0.015083901584148407,0.0951448529958725,0.09453244507312775,0.000612407922744751,0.08311280608177185,0.08571404218673706,-0.00260123610496521,0.08559004217386246,0.08567716181278229,-8.711963891983032e-05,0.057503439486026764,0.08087369054555893,-0.023370251059532166,34.09035396575928,20.98847007751465
2->512->16->1,Softplus,0.30134,0.10854025930166245,0.12615996599197388,-0.017619706690311432,0.09398981928825378,0.09419889748096466,-0.00020907819271087646,0.08708474040031433,0.08550243824720383,0.0015823021531105042,0.08922814577817917,0.08395268768072128,0.005275458097457886,0.034273646771907806,0.08257751911878586,-0.04830387234687805,36.65229320526123,21.282655239105225
2->512->32->1,Softplus,0.334364,0.1106468215584755,0.12422699481248856,-0.013580173254013062,0.09506145864725113,0.09492002427577972,0.00014143437147140503,0.089170902967453,0.0870828777551651,0.002088025212287903,0.08779799938201904,0.08549750596284866,0.0023004934191703796,0.03912820667028427,0.07962889224290848,-0.04050068557262421,42.11535120010376,22.4038028717041
2->512->64->1,Softplus,0.400412,0.15908673405647278,0.09903372079133987,0.060053013265132904,0.09823548793792725,0.08901479095220566,0.009220696985721588,0.09518765658140182,0.08462873101234436,0.010558925569057465,0.08721111714839935,0.08380471169948578,0.0034064054489135742,0.06851489096879959,0.07846441864967346,-0.00994952768087387,52.31680917739868,25.142208099365234
2->512->128->1,Softplus,0.532508,0.11637956649065018,0.09973283857107162,0.016646727919578552,0.10044317692518234,0.0863279476761818,0.01411522924900055,0.09213694930076599,0.08485476672649384,0.007282182574272156,0.09043562412261963,0.08337797224521637,0.007057651877403259,0.06068210303783417,0.08289165794849396,-0.02220955491065979,72.04952311515808,29.41338086128235
2->512->256->1,Softplus,0.7967,0.10966086387634277,0.08590791374444962,0.023752950131893158,0.0902293249964714,0.08393292129039764,0.006296403706073761,0.08812971413135529,0.08383006602525711,0.004299648106098175,0.09075793623924255,0.08458366245031357,0.006174273788928986,0.07326888293027878,0.08294645696878433,-0.009677574038505554,112.76278686523438,38.860403060913086
2->512->512->1,Softplus,1.325084,0.09897711127996445,0.13454397022724152,-0.03556685894727707,0.09596236050128937,0.09843655675649643,-0.0024741962552070618,0.08214232325553894,0.08837497234344482,-0.006232649087905884,0.09070234000682831,0.08421367406845093,0.00648866593837738,0.07553046196699142,0.08424854278564453,-0.008718080818653107,199.54831385612488,55.75379776954651
2->512->1024->1,Softplus,2.381852,0.08737137913703918,0.08832851052284241,-0.0009571313858032227,0.08793316036462784,0.08584757149219513,0.0020855888724327087,0.08485191315412521,0.08389052003622055,0.0009613931179046631,0.08763885498046875,0.0831008329987526,0.004538021981716156,0.08629545569419861,0.08260584622621536,0.003689609467983246,374.3116149902344,90.25329208374023
2->512->2->1,Hardshrink,0.272444,0.3210170865058899,0.1846645176410675,0.1363525688648224,0.30359452962875366,0.18832644820213318,0.11526808142662048,0.30261102318763733,0.1857476830482483,0.11686334013938904,0.3208615779876709,0.18829411268234253,0.13256746530532837,0.29879358410835266,0.19378778338432312,0.10500580072402954,34.376452922821045,24.584553956985474
2->512->4->1,Hardshrink,0.276572,0.3371487259864807,0.3267174959182739,0.010431230068206787,0.31513547897338867,0.32915371656417847,-0.014018237590789795,0.32257622480392456,0.3300347924232483,-0.0074585676193237305,0.3360919654369354,0.33495646715164185,0.001135498285293579,0.323386549949646,0.31626126170158386,0.007125288248062134,34.708202838897705,22.937769889831543
2->512->8->1,Hardshrink,0.284828,0.3484897017478943,0.3066288232803345,0.041860878467559814,0.3119759261608124,0.3005324900150299,0.01144343614578247,0.33413785696029663,0.30690309405326843,0.027234762907028198,0.33666276931762695,0.3059055805206299,0.03075718879699707,0.3396725058555603,0.22325992584228516,0.11641258001327515,35.997660875320435,21.091500759124756
2->512->16->1,Hardshrink,0.30134,0.32892149686813354,0.32780009508132935,0.0011214017868041992,0.31842443346977234,0.32845616340637207,-0.010031729936599731,0.31051331758499146,0.32852649688720703,-0.018013179302215576,0.31714922189712524,0.3296196758747101,-0.012470453977584839,0.3053593635559082,0.2761422395706177,0.029217123985290527,37.86543583869934,22.7725191116333
2->512->32->1,Hardshrink,0.334364,0.47069111466407776,0.34355589747428894,0.12713521718978882,0.295978307723999,0.33631107211112976,-0.04033276438713074,0.31007060408592224,0.3293866813182831,-0.01931607723236084,0.3242920935153961,0.32659539580345154,-0.00230330228805542,0.30917006731033325,0.2929190993309021,0.016250967979431152,41.14441800117493,24.043092012405396
2->512->64->1,Hardshrink,0.400412,0.46625423431396484,0.32213830947875977,0.14411592483520508,0.3171340823173523,0.31936362385749817,-0.002229541540145874,0.3160141706466675,0.31918150186538696,-0.0031673312187194824,0.304574579000473,0.31936198472976685,-0.014787405729293823,0.2965047359466553,0.28103339672088623,0.015471339225769043,51.75826978683472,25.02518391609192
2->512->128->1,Hardshrink,0.532508,0.4369942545890808,0.3359541594982147,0.10104009509086609,0.30985888838768005,0.3281416893005371,-0.018282800912857056,0.30539804697036743,0.32299700379371643,-0.017598956823349,0.3179871737957001,0.3258969783782959,-0.007909804582595825,0.2941911518573761,0.26567181944847107,0.02851933240890503,70.70551490783691,28.288686752319336
2->512->256->1,Hardshrink,0.7967,0.4325348138809204,0.32943740487098694,0.10309740900993347,0.2955836057662964,0.3296129107475281,-0.03402930498123169,0.32905325293540955,0.3253634572029114,0.003689795732498169,0.3175623416900635,0.32792794704437256,-0.010365605354309082,0.3132135272026062,0.270877480506897,0.04233604669570923,110.04760408401489,36.25832200050354
2->512->512->1,Hardshrink,1.325084,0.38537880778312683,0.33261436223983765,0.052764445543289185,0.2858574390411377,0.3265267312526703,-0.04066929221153259,0.3283977806568146,0.3291677236557007,-0.0007699429988861084,0.31110692024230957,0.32218554615974426,-0.011078625917434692,0.29435741901397705,0.26952314376831055,0.024834275245666504,196.74569702148438,50.88130521774292
2->512->1024->1,Hardshrink,2.381852,0.3798528015613556,0.32873183488845825,0.05112096667289734,0.3145173192024231,0.3263234794139862,-0.01180616021156311,0.3186648488044739,0.3260875940322876,-0.007422745227813721,0.3123074173927307,0.3242621123790741,-0.011954694986343384,0.28467825055122375,0.2602863013744354,0.02439194917678833,383.01709961891174,79.03012776374817
2->512->2->1,Hardsigmoid,0.272444,0.08707009255886078,0.08272892236709595,0.0043411701917648315,0.07878201454877853,0.08275137841701508,-0.003969363868236542,0.0808311328291893,0.08564727008342743,-0.004816137254238129,0.08622352033853531,0.0839444175362587,0.0022791028022766113,0.07919847220182419,0.08346885442733765,-0.004270382225513458,31.81231427192688,20.26938009262085
2->512->4->1,Hardsigmoid,0.276572,0.08156758546829224,0.0883723720908165,-0.0068047866225242615,0.08031818270683289,0.08818254619836807,-0.007864363491535187,0.08192567527294159,0.08568436652421951,-0.0037586912512779236,0.09291587024927139,0.08530835062265396,0.007607519626617432,0.08176708221435547,0.08282967656850815,-0.0010625943541526794,32.600767850875854,20.439072847366333
2->512->8->1,Hardsigmoid,0.284828,0.07883607596158981,0.08235933631658554,-0.0035232603549957275,0.08217386901378632,0.08254742622375488,-0.0003735572099685669,0.08488260209560394,0.0834209993481636,0.0014616027474403381,0.08066769689321518,0.08306115865707397,-0.002393461763858795,0.0705135390162468,0.08456047624349594,-0.014046937227249146,34.062000036239624,20.811897039413452
2->512->16->1,Hardsigmoid,0.30134,0.093055859208107,0.08572103828191757,0.007334820926189423,0.08495254069566727,0.08583617955446243,-0.000883638858795166,0.08720377832651138,0.08346244692802429,0.003741331398487091,0.08545026928186417,0.08343812078237534,0.0020121484994888306,0.06816386431455612,0.08291249722242355,-0.014748632907867432,36.2735800743103,21.164345264434814
2->512->32->1,Hardsigmoid,0.334364,0.08709034323692322,0.08837755024433136,-0.001287207007408142,0.08382216840982437,0.08701586723327637,-0.003193698823451996,0.07918689399957657,0.08614043146371841,-0.006953537464141846,0.08768334984779358,0.0841391533613205,0.0035441964864730835,0.07972360402345657,0.08348540216684341,-0.003761798143386841,41.116328954696655,22.097770929336548
2->512->64->1,Hardsigmoid,0.400412,0.08300431072711945,0.08432860672473907,-0.001324295997619629,0.08551575988531113,0.08429276198148727,0.0012229979038238525,0.07971824705600739,0.08262556791305542,-0.0029073208570480347,0.08700716495513916,0.0830918699502945,0.0039152950048446655,0.07920641452074051,0.0835706815123558,-0.004364266991615295,51.88150215148926,24.471596240997314
2->512->128->1,Hardsigmoid,0.532508,0.09946460276842117,0.08911968767642975,0.010344915091991425,0.09032335132360458,0.08760292828083038,0.0027204230427742004,0.09593667089939117,0.08611753582954407,0.009819135069847107,0.08179781585931778,0.08555035293102264,-0.0037525370717048645,0.08443740010261536,0.08391085267066956,0.0005265474319458008,70.77330899238586,27.9758939743042
2->512->256->1,Hardsigmoid,0.7967,0.08514371514320374,0.08472809195518494,0.00041562318801879883,0.07965535670518875,0.08399944752454758,-0.004344090819358826,0.08138841390609741,0.08408217877149582,-0.002693764865398407,0.08526179939508438,0.08428333699703217,0.0009784623980522156,0.0865035280585289,0.08371034264564514,0.0027931854128837585,110.54903602600098,36.17879295349121
2->512->512->1,Hardsigmoid,1.325084,0.08766895532608032,0.08282554894685745,0.00484340637922287,0.08752813935279846,0.08307989686727524,0.004448242485523224,0.08245687186717987,0.08420343697071075,-0.0017465651035308838,0.0876341313123703,0.08380421251058578,0.0038299188017845154,0.08177512139081955,0.08272102475166321,-0.0009459033608436584,192.76939606666565,50.588244915008545
2->512->1024->1,Hardsigmoid,2.381852,0.10207201540470123,0.08398158848285675,0.018090426921844482,0.09494856745004654,0.08232005685567856,0.012628510594367981,0.0921618640422821,0.08313571661710739,0.009026147425174713,0.08380593359470367,0.08323827385902405,0.0005676597356796265,0.08150460571050644,0.08346167206764221,-0.0019570663571357727,396.01557302474976,79.69670414924622
2->512->2->1,Hardtanh,0.272444,0.12813791632652283,0.12293712794780731,0.005200788378715515,0.11383779346942902,0.09996449947357178,0.013873293995857239,0.10783891379833221,0.09357322007417679,0.014265693724155426,0.09486845135688782,0.09464213997125626,0.00022631138563156128,0.08664603531360626,0.089379221200943,-0.002733185887336731,31.993834018707275,20.391327142715454
2->512->4->1,Hardtanh,0.276572,0.13287453353405,0.09054872393608093,0.042325809597969055,0.08672743290662766,0.08498486876487732,0.0017425641417503357,0.08826254308223724,0.08416767418384552,0.004094868898391724,0.08832277357578278,0.08540701121091843,0.0029157623648643494,0.04391975700855255,0.08268003910779953,-0.03876028209924698,32.66493105888367,20.531278133392334
2->512->8->1,Hardtanh,0.284828,0.21016791462898254,0.12201784551143646,0.08815006911754608,0.1640998125076294,0.08957654982805252,0.07452326267957687,0.1505667269229889,0.08439481258392334,0.06617191433906555,0.12559178471565247,0.08038551360368729,0.04520627111196518,0.0649808868765831,0.047552794218063354,0.017428092658519745,34.431164264678955,20.902623891830444
2->512->16->1,Hardtanh,0.30134,0.19752109050750732,0.14254184067249298,0.05497924983501434,0.17968642711639404,0.09129075706005096,0.08839567005634308,0.1613650918006897,0.08624394983053207,0.07512114197015762,0.1417153924703598,0.084082692861557,0.057632699608802795,0.07545588910579681,0.05713113024830818,0.018324758857488632,36.32786321640015,21.144345998764038
2->512->32->1,Hardtanh,0.334364,0.24848572909832,0.0992928296327591,0.1491928994655609,0.22072502970695496,0.08625826984643936,0.1344667598605156,0.20099425315856934,0.08418485522270203,0.11680939793586731,0.20214030146598816,0.08374997228384018,0.11839032918214798,0.12120702862739563,0.07675483822822571,0.04445219039916992,41.513522148132324,22.165782928466797
2->512->64->1,Hardtanh,0.400412,0.2768237590789795,0.10289283096790314,0.17393092811107635,0.21397466957569122,0.08705785870552063,0.1269168108701706,0.19300858676433563,0.08504524827003479,0.10796333849430084,0.19110018014907837,0.08626898378133774,0.10483119636774063,0.1259709745645523,0.07854113727807999,0.04742983728647232,51.53415894508362,24.451507091522217
2->512->128->1,Hardtanh,0.532508,0.28978973627090454,0.11867540329694748,0.17111433297395706,0.257332980632782,0.08790474385023117,0.1694282367825508,0.22080853581428528,0.08373869955539703,0.13706983625888824,0.21439281105995178,0.08534598350524902,0.12904682755470276,0.1511232852935791,0.0800504982471466,0.0710727870464325,70.870934009552,28.11658787727356
2->512->256->1,Hardtanh,0.7967,0.2690240442752838,0.11059311032295227,0.15843093395233154,0.22339566051959991,0.08761847019195557,0.13577719032764435,0.21693472564220428,0.08595846593379974,0.13097625970840454,0.20441563427448273,0.08405151963233948,0.12036411464214325,0.13525843620300293,0.07956769317388535,0.055690743029117584,109.67963600158691,36.01291108131409
2->512->512->1,Hardtanh,1.325084,0.25428032875061035,0.10709753632545471,0.14718279242515564,0.20387320220470428,0.08744066208600998,0.1164325401186943,0.17139215767383575,0.08579681068658829,0.08559534698724747,0.16293677687644958,0.08498301357030869,0.0779537633061409,0.128798246383667,0.08042506873607635,0.04837317764759064,194.19439005851746,50.16115403175354
2->512->1024->1,Hardtanh,2.381852,0.22315195202827454,0.10646077990531921,0.11669117212295532,0.15155689418315887,0.08729393780231476,0.06426295638084412,0.14170582592487335,0.08507993817329407,0.056625887751579285,0.1430545300245285,0.08478759974241257,0.058266930282115936,0.10113753378391266,0.07944707572460175,0.021690458059310913,387.39528799057007,79.20190215110779
2->512->2->1,Hardswish,0.272444,0.16766703128814697,0.08983975648880005,0.07782727479934692,0.11513470113277435,0.0831715390086174,0.03196316212415695,0.10197219997644424,0.08352085947990417,0.01845134049654007,0.09449601918458939,0.08277362585067749,0.011722393333911896,0.07913725823163986,0.05407320708036423,0.025064051151275635,31.88904595375061,20.361536026000977
2->512->4->1,Hardswish,0.276572,0.1839427798986435,0.17290954291820526,0.011033236980438232,0.1048216000199318,0.08848945051431656,0.016332149505615234,0.08636511117219925,0.08492305129766464,0.001442059874534607,0.08511259406805038,0.0844700038433075,0.0006425902247428894,0.04730831831693649,0.059312209486961365,-0.012003891170024872,32.55908465385437,20.406601905822754
2->512->8->1,Hardswish,0.284828,0.15890094637870789,0.10246946662664413,0.05643147975206375,0.106147900223732,0.08850935101509094,0.017638549208641052,0.09368075430393219,0.0841449424624443,0.009535811841487885,0.09923617541790009,0.08566941320896149,0.013566762208938599,0.035872094333171844,0.040457453578710556,-0.0045853592455387115,34.20426321029663,20.986817121505737
2->512->16->1,Hardswish,0.30134,0.16149067878723145,0.12438268959522247,0.03710798919200897,0.117701455950737,0.09102506190538406,0.026676394045352936,0.11385662853717804,0.08588738739490509,0.02796924114227295,0.10113929212093353,0.08394952863454819,0.017189763486385345,0.0354480966925621,0.04790740832686424,-0.01245931163430214,36.24630379676819,21.13250422477722
2->512->32->1,Hardswish,0.334364,0.175043985247612,0.14811071753501892,0.02693326771259308,0.14354662597179413,0.09241411089897156,0.05113251507282257,0.12807302176952362,0.08628034591674805,0.041792675852775574,0.12316719442605972,0.08517313003540039,0.03799406439065933,0.044455789029598236,0.07294508814811707,-0.02848929911851883,41.41161894798279,22.2448251247406
2->512->64->1,Hardswish,0.400412,0.21343249082565308,0.1958998292684555,0.01753266155719757,0.16558362543582916,0.10681019723415375,0.058773428201675415,0.1561468243598938,0.08892610669136047,0.06722071766853333,0.14601555466651917,0.0852494090795517,0.06076614558696747,0.06572894006967545,0.07806989550590515,-0.012340955436229706,52.24450087547302,24.78773593902588
2->512->128->1,Hardswish,0.532508,0.19486179947853088,0.15875178575515747,0.03611001372337341,0.1515999287366867,0.09699992835521698,0.05460000038146973,0.13393038511276245,0.08493008464574814,0.04900030046701431,0.1321353316307068,0.08494485169649124,0.047190479934215546,0.07561440020799637,0.07683771848678589,-0.0012233182787895203,70.87781763076782,28.196009159088135
2->512->256->1,Hardswish,0.7967,0.1708289086818695,0.13223090767860413,0.03859800100326538,0.14572608470916748,0.09063486754894257,0.055091217160224915,0.13563235104084015,0.08495984971523285,0.0506725013256073,0.12887060642242432,0.08426517248153687,0.04460543394088745,0.07285188138484955,0.07832491397857666,-0.005473032593727112,115.29818797111511,36.210853099823
2->512->512->1,Hardswish,1.325084,0.16993749141693115,0.15126566588878632,0.018671825528144836,0.11924952268600464,0.09578771144151688,0.023461811244487762,0.11779998987913132,0.08694928884506226,0.03085070103406906,0.1043807789683342,0.08380603790283203,0.020574741065502167,0.06900405138731003,0.07725539803504944,-0.00825134664773941,194.1274881362915,51.18724799156189
2->512->1024->1,Hardswish,2.381852,0.12113340198993683,0.15350797772407532,-0.03237457573413849,0.10400239378213882,0.09670158475637436,0.007300809025764465,0.09940757602453232,0.08518124371767044,0.014226332306861877,0.09849235415458679,0.08431093394756317,0.01418142020702362,0.07023195177316666,0.07940500229597092,-0.00917305052280426,363.25244879722595,80.84807014465332
2->512->2->1,Tanhshrink,0.272444,0.19485241174697876,0.28514283895492554,-0.09029042720794678,0.11885794252157211,0.17319655418395996,-0.05433861166238785,0.1025925874710083,0.10959070920944214,-0.006998121738433838,0.08894206583499908,0.08722648024559021,0.0017155855894088745,0.08267268538475037,0.08530538529157639,-0.0026326999068260193,32.659525871276855,21.12176012992859
2->512->4->1,Tanhshrink,0.276572,0.18963171541690826,0.342332124710083,-0.15270040929317474,0.13265900313854218,0.3336694836616516,-0.20101048052310944,0.11768978834152222,0.3124569356441498,-0.19476714730262756,0.10201673209667206,0.12885285913944244,-0.026836127042770386,0.04353010281920433,0.0793185606598854,-0.035788457840681076,33.434359073638916,21.215099096298218
2->512->8->1,Tanhshrink,0.284828,0.20342901349067688,0.33248937129974365,-0.12906035780906677,0.12655672430992126,0.3165251314640045,-0.18996840715408325,0.1190304383635521,0.17871960997581482,-0.059689171612262726,0.11005716025829315,0.09304078668355942,0.017016373574733734,0.040380414575338364,0.08181777596473694,-0.041437361389398575,35.07728600502014,21.75216579437256
2->512->16->1,Tanhshrink,0.30134,0.19139115512371063,0.3183220326900482,-0.12693087756633759,0.1430402547121048,0.21842128038406372,-0.07538102567195892,0.12020542472600937,0.13505913317203522,-0.014853708446025848,0.10727912932634354,0.09418249130249023,0.013096638023853302,0.046118058264255524,0.056634318083524704,-0.01051625981926918,37.24587416648865,21.927836894989014
2->512->32->1,Tanhshrink,0.334364,0.19844871759414673,0.30060189962387085,-0.10215318202972412,0.13661745190620422,0.18125241994857788,-0.04463496804237366,0.12870988249778748,0.1125909835100174,0.01611889898777008,0.1337716430425644,0.09221751242876053,0.041554130613803864,0.05327939987182617,0.06945346295833588,-0.016174063086509705,42.44984769821167,23.339845895767212
2->512->64->1,Tanhshrink,0.400412,0.17774872481822968,0.31270283460617065,-0.13495410978794098,0.13617971539497375,0.19352926313877106,-0.0573495477437973,0.12309351563453674,0.12273325026035309,0.0003602653741836548,0.10858359932899475,0.09602434188127518,0.012559257447719574,0.0556853711605072,0.06952586770057678,-0.01384049654006958,53.79941201210022,25.94044518470764
2->512->128->1,Tanhshrink,0.532508,0.17595990002155304,0.32488593459129333,-0.1489260345697403,0.13717317581176758,0.23153702914714813,-0.09436385333538055,0.1302720159292221,0.13695253431797028,-0.006680518388748169,0.11005552858114243,0.10474714636802673,0.005308382213115692,0.060454852879047394,0.07079282402992249,-0.010337971150875092,72.89907097816467,30.362349033355713
2->512->256->1,Tanhshrink,0.7967,0.18900001049041748,0.32282933592796326,-0.13382932543754578,0.1355590671300888,0.2486938238143921,-0.11313475668430328,0.10822566598653793,0.13891267776489258,-0.030687011778354645,0.10843268036842346,0.1018349677324295,0.0065977126359939575,0.06790431588888168,0.0716678723692894,-0.003763556480407715,113.87862586975098,39.6163067817688
2->512->512->1,Tanhshrink,1.325084,0.1948879361152649,0.32915034890174866,-0.13426241278648376,0.12404344975948334,0.2762703597545624,-0.15222690999507904,0.11062850803136826,0.1609811782836914,-0.05035267025232315,0.09982986748218536,0.1089983880519867,-0.00916852056980133,0.06700076907873154,0.072328582406044,-0.0053278133273124695,199.18336606025696,56.79608106613159
2->512->1024->1,Tanhshrink,2.381852,0.19021427631378174,0.32141610980033875,-0.131201833486557,0.11696141958236694,0.22733581066131592,-0.11037439107894897,0.09640613943338394,0.12317509949207306,-0.026768960058689117,0.09128612279891968,0.09611776471138,-0.004831641912460327,0.06986620277166367,0.07547400891780853,-0.005607806146144867,392.3274018764496,91.54316520690918
